run_id,epoch,train_recon,train_vq,train_total,val_recon,val_vq,val_psnr,val_ms_ssim,best_val_recon,is_best,phase,channel_prob,channel_usage_ratio,mean_channel_snr,source_bits_per_image,source_bpp,transmission_ratio,learning_rate
rq_ema_k4-2_d2-2_rate047-20260720-170704,1,0.66797520,0.02459497,0.69257017,0.06499315,0.01985663,17.92439161,0.77643244,0.06499315,1,Phase1-拓荒,0.000000,0.00000000,,4608,0.0703125000,0.0468750000,5e-05
rq_ema_k4-2_d2-2_rate047-20260720-173341,1,0.61605851,0.03151432,0.64757283,0.10857400,0.01576055,15.67150652,0.72472533,0.10857400,1,Phase1-拓荒,0.000000,0.00000000,,4608,0.0703125000,0.0468750000,5e-05
rq_ema_k4-2_d2-2_rate047-20260720-173341,2,0.07806709,0.01376473,0.09183182,0.05260147,0.01146089,18.89680439,0.79164727,0.05260147,1,Phase1-拓荒,0.000000,0.00000000,,4608,0.0703125000,0.0468750000,5e-05
rq_ema_k4-2_d2-2_rate047-20260720-173341,3,0.06668864,0.01170965,0.07839829,0.04494789,0.01149782,19.52447921,0.80943217,0.04494789,1,Phase1-拓荒,0.000000,0.00000000,,4608,0.0703125000,0.0468750000,5e-05
rq_ema_k4-2_d2-2_rate047-20260720-173341,4,0.05844768,0.01199198,0.07043966,0.05080990,0.01270640,19.10305838,0.81724802,0.04494789,0,Phase1-拓荒,0.000000,0.00000000,,4608,0.0703125000,0.0468750000,5e-05
rq_ema_k4-2_d2-2_rate047-20260720-173341,5,0.05685137,0.01556810,0.07241946,0.04192122,0.01797252,19.81637637,0.82561851,0.04192122,1,Phase1-拓荒,0.000000,0.00000000,,4608,0.0703125000,0.0468750000,5e-05
rq_ema_k4-2_d2-2_rate047-20260720-173341,6,0.05281597,0.01612167,0.06893764,0.03831655,0.01717102,20.23188819,0.83579562,0.03831655,1,Phase1-拓荒,0.000000,0.00000000,,4608,0.0703125000,0.0468750000,5e-05
rq_ema_k4-2_d2-2_rate047-20260720-173341,7,0.04950001,0.01574553,0.06524554,0.03810971,0.01525607,20.23920863,0.83957279,0.03810971,1,Phase1-拓荒,0.000000,0.00000000,,4608,0.0703125000,0.0468750000,5e-05
rq_ema_k4-2_d2-2_rate047-20260720-173341,8,0.04723679,0.01607713,0.06331392,0.03465320,0.01655263,20.64721973,0.84579714,0.03465320,1,Phase1-拓荒,0.000000,0.00000000,,4608,0.0703125000,0.0468750000,5e-05
rq_ema_k4-2_d2-2_rate047-20260720-173341,9,0.04521058,0.01639523,0.06160581,0.03416352,0.01557803,20.70384889,0.84828682,0.03416352,1,Phase1-拓荒,0.000000,0.00000000,,4608,0.0703125000,0.0468750000,5e-05
rq_ema_k4-2_d2-2_rate047-20260720-173341,10,0.04385185,0.01655446,0.06040631,0.03799070,0.01497443,20.23943971,0.84015527,0.03416352,0,Phase1-拓荒,0.000000,0.00000000,,4608,0.0703125000,0.0468750000,5e-05
rq_ema_k4-2_d2-2_rate047-20260720-173341,11,0.04302889,0.01666789,0.05969678,0.03685915,0.01916894,20.44464899,0.85501741,0.03416352,0,Phase1-拓荒,0.000000,0.00000000,,4608,0.0703125000,0.0468750000,5e-05
rq_ema_k4-2_d2-2_rate047-20260720-173341,12,0.04137903,0.01716003,0.05853906,0.03425621,0.01762414,20.69815378,0.85370870,0.03416352,0,Phase1-拓荒,0.000000,0.00000000,,4608,0.0703125000,0.0468750000,5e-05
rq_ema_k4-2_d2-2_rate047-20260720-173341,13,0.04033462,0.01719140,0.05752603,0.03193745,0.01964902,21.04085113,0.86364609,0.03193745,1,Phase1-拓荒,0.000000,0.00000000,,4608,0.0703125000,0.0468750000,5e-05
rq_ema_k4-2_d2-2_rate047-20260720-173341,14,0.03883971,0.01747892,0.05631863,0.03228059,0.01932166,21.00771410,0.86855068,0.03193745,0,Phase1-拓荒,0.000000,0.00000000,,4608,0.0703125000,0.0468750000,5e-05
rq_ema_k4-2_d2-2_rate047-20260720-173341,15,0.03810600,0.01758110,0.05568710,0.03126286,0.01773650,21.10106133,0.86451457,0.03126286,1,Phase1-拓荒,0.000000,0.00000000,,4608,0.0703125000,0.0468750000,5e-05
rq_ema_k4-2_d2-2_rate047-20260720-173341,16,0.03721194,0.01790060,0.05511254,0.03201048,0.01719533,21.02763056,0.85864715,0.03126286,0,Phase1-拓荒,0.000000,0.00000000,,4608,0.0703125000,0.0468750000,5e-05
rq_ema_k4-2_d2-2_rate047-20260720-173341,17,0.03692247,0.01805945,0.05498191,0.03341088,0.02226935,20.80813669,0.86510057,0.03126286,0,Phase1-拓荒,0.000000,0.00000000,,4608,0.0703125000,0.0468750000,5e-05
rq_ema_k4-2_d2-2_rate047-20260720-173341,18,0.03724090,0.01821792,0.05545882,0.03140181,0.02028134,21.09123075,0.86504196,0.03126286,0,Phase1-拓荒,0.000000,0.00000000,,4608,0.0703125000,0.0468750000,5e-05
rq_ema_k4-2_d2-2_rate047-20260720-173341,19,0.03562593,0.01847282,0.05409875,0.02938700,0.01659666,21.35227624,0.86718590,0.02938700,1,Phase1-拓荒,0.000000,0.00000000,,4608,0.0703125000,0.0468750000,5e-05
rq_ema_k4-2_d2-2_rate047-20260720-173341,20,0.03543629,0.01856416,0.05400045,0.02824954,0.02030908,21.55888087,0.87628014,0.02824954,1,Phase1-拓荒,0.000000,0.00000000,,4608,0.0703125000,0.0468750000,5e-05
rq_ema_k4-2_d2-2_rate047-20260720-173341,21,0.03521513,0.01889279,0.05410792,0.02860888,0.02045694,21.50818698,0.87609939,0.02824954,0,Phase2-退火(0%),0.000000,0.00000000,,4608,0.0703125000,0.0468750000,5e-05
rq_ema_k4-2_d2-2_rate047-20260720-173341,22,0.03448873,0.01884067,0.05332939,0.02898074,0.01799797,21.44473900,0.87674608,0.02824954,0,Phase2-退火(2%),0.000000,0.00000000,,4608,0.0703125000,0.0468750000,5e-05
rq_ema_k4-2_d2-2_rate047-20260720-173341,23,0.03399944,0.01889839,0.05289783,0.02887574,0.02065128,21.48048895,0.87800652,0.02824954,0,Phase2-退火(3%),0.000000,0.00000000,,4608,0.0703125000,0.0468750000,5e-05
rq_ema_k4-2_d2-2_rate047-20260720-173341,24,0.03334812,0.01874813,0.05209625,0.03042008,0.02191032,21.25822544,0.87602112,0.02824954,0,Phase2-退火(5%),0.000000,0.00000000,,4608,0.0703125000,0.0468750000,5e-05
rq_ema_k4-2_d2-2_rate047-20260720-173341,25,0.03343385,0.01886230,0.05229615,0.03163952,0.01867959,21.09655956,0.87473179,0.02824954,0,Phase2-退火(7%),0.000000,0.00000000,,4608,0.0703125000,0.0468750000,5e-05
rq_ema_k4-2_d2-2_rate047-20260720-173341,26,0.03336348,0.01888489,0.05224837,0.02675196,0.01657913,21.76799080,0.87865617,0.02675196,1,Phase2-退火(8%),0.000000,0.00000000,,4608,0.0703125000,0.0468750000,5e-05
rq_ema_k4-2_d2-2_rate047-20260720-173341,27,0.03221126,0.01886969,0.05108096,0.02753079,0.02100138,21.66560832,0.88231354,0.02675196,0,Phase2-退火(10%),0.000000,0.00000000,,4608,0.0703125000,0.0468750000,5e-05
rq_ema_k4-2_d2-2_rate047-20260720-173341,28,0.03238708,0.01913130,0.05151839,0.02705481,0.01732535,21.71897367,0.87904876,0.02675196,0,Phase2-退火(12%),0.000000,0.00000000,,4608,0.0703125000,0.0468750000,5e-05
rq_ema_k4-2_d2-2_rate047-20260720-173341,29,0.03225730,0.01920274,0.05146004,0.02690072,0.01940366,21.74055475,0.88068645,0.02675196,0,Phase2-退火(13%),0.000000,0.00000000,,4608,0.0703125000,0.0468750000,5e-05
rq_ema_k4-2_d2-2_rate047-20260720-173341,30,0.03157716,0.01951806,0.05109522,0.03053796,0.02665426,21.24717275,0.87987375,0.02675196,0,Phase2-退火(15%),0.000000,0.00000000,,4608,0.0703125000,0.0468750000,5e-05
rq_ema_k4-2_d2-2_rate047-20260720-173341,31,0.03196176,0.01950151,0.05146327,0.03696136,0.01961671,20.36403380,0.87268131,0.02675196,0,Phase2-退火(17%),0.000000,0.00000000,,4608,0.0703125000,0.0468750000,5e-05
rq_ema_k4-2_d2-2_rate047-20260720-173341,32,0.03117993,0.01973720,0.05091713,0.02570382,0.02209273,21.94322322,0.88488846,0.02570382,1,Phase2-退火(18%),0.000000,0.00000000,,4608,0.0703125000,0.0468750000,5e-05
rq_ema_k4-2_d2-2_rate047-20260720-173341,33,0.03108860,0.01989511,0.05098371,0.02738929,0.02045493,21.65988176,0.88081061,0.02570382,0,Phase2-退火(20%),0.000000,0.00000000,,4608,0.0703125000,0.0468750000,5e-05
rq_ema_k4-2_d2-2_rate047-20260720-173341,34,0.03083466,0.01998173,0.05081639,0.02673740,0.02394704,21.77146251,0.88545708,0.02570382,0,Phase2-退火(22%),0.000000,0.00000000,,4608,0.0703125000,0.0468750000,5e-05
rq_ema_k4-2_d2-2_rate047-20260720-173341,35,0.03069935,0.01998931,0.05068866,0.02563826,0.01867680,21.94881468,0.88555759,0.02563826,1,Phase2-退火(23%),0.000000,0.00000000,,4608,0.0703125000,0.0468750000,5e-05
rq_ema_k4-2_d2-2_rate047-20260720-173341,36,0.03032431,0.02025564,0.05057995,0.02837782,0.02886095,21.54238994,0.88482737,0.02563826,0,Phase2-退火(25%),0.000000,0.00000000,,4608,0.0703125000,0.0468750000,5e-05
rq_ema_k4-2_d2-2_rate047-20260720-173341,37,0.03042415,0.02049934,0.05092349,0.02649291,0.02391718,21.83428071,0.88440223,0.02563826,0,Phase2-退火(27%),0.000000,0.00000000,,4608,0.0703125000,0.0468750000,5e-05
rq_ema_k4-2_d2-2_rate047-20260720-173341,38,0.02968394,0.02041696,0.05010089,0.02503956,0.02267051,22.06270316,0.88741493,0.02503956,1,Phase2-退火(28%),0.000000,0.00000000,,4608,0.0703125000,0.0468750000,5e-05
rq_ema_k4-2_d2-2_rate047-20260720-173341,39,0.02995445,0.02064497,0.05059942,0.02599238,0.01988292,21.90357744,0.88637154,0.02503956,0,Phase2-退火(30%),0.000000,0.00000000,,4608,0.0703125000,0.0468750000,5e-05
rq_ema_k4-2_d2-2_rate047-20260720-173341,40,0.02924737,0.02080811,0.05005548,0.02477567,0.02037425,22.10201368,0.88697520,0.02477567,1,Phase2-退火(32%),0.000000,0.00000000,,4608,0.0703125000,0.0468750000,5e-05
rq_ema_k4-2_d2-2_rate047-20260720-173341,41,0.02929747,0.02089624,0.05019371,0.02439755,0.01926217,22.16705524,0.89012097,0.02439755,1,Phase2-退火(33%),0.000000,0.00000000,,4608,0.0703125000,0.0468750000,5e-05
rq_ema_k4-2_d2-2_rate047-20260720-173341,42,0.02896515,0.02099160,0.04995675,0.02667338,0.02405865,21.80975316,0.88857367,0.02439755,0,Phase2-退火(35%),0.000000,0.00000000,,4608,0.0703125000,0.0468750000,5e-05
rq_ema_k4-2_d2-2_rate047-20260720-173341,43,0.02890217,0.02081901,0.04972118,0.02549003,0.01897583,22.00866489,0.88641372,0.02439755,0,Phase2-退火(37%),0.000000,0.00000000,,4608,0.0703125000,0.0468750000,5e-05
rq_ema_k4-2_d2-2_rate047-20260720-173341,44,0.03086344,0.02083427,0.05169771,0.02487585,0.01846466,22.08379047,0.88852329,0.02439755,0,Phase2-退火(38%),0.000000,0.00000000,,4608,0.0703125000,0.0468750000,5e-05
rq_ema_k4-2_d2-2_rate047-20260720-173341,45,0.02938265,0.02110077,0.05048342,0.02485943,0.02220621,22.09027301,0.88898739,0.02439755,0,Phase2-退火(40%),0.000000,0.00000000,,4608,0.0703125000,0.0468750000,5e-05
rq_ema_k4-2_d2-2_rate047-20260720-173341,46,0.02793116,0.02105875,0.04898991,0.02431539,0.02123230,22.18463002,0.89039780,0.02431539,1,Phase2-退火(42%),0.000000,0.00000000,,4608,0.0703125000,0.0468750000,5e-05
rq_ema_k4-2_d2-2_rate047-20260720-173341,47,0.02794168,0.02159952,0.04954120,0.02541619,0.02442876,22.00943145,0.88877659,0.02431539,0,Phase2-退火(43%),0.000000,0.00000000,,4608,0.0703125000,0.0468750000,5e-05
rq_ema_k4-2_d2-2_rate047-20260720-173341,48,0.02798376,0.02157800,0.04956176,0.02602099,0.02057709,21.89415939,0.88474301,0.02431539,0,Phase2-退火(45%),0.000000,0.00000000,,4608,0.0703125000,0.0468750000,5e-05
rq_ema_k4-2_d2-2_rate047-20260720-173341,49,0.02802103,0.02204062,0.05006165,0.02461978,0.02269553,22.14084751,0.88957891,0.02431539,0,Phase2-退火(47%),0.000000,0.00000000,,4608,0.0703125000,0.0468750000,5e-05
rq_ema_k4-2_d2-2_rate047-20260720-173341,50,0.02776416,0.02274054,0.05050470,0.02483507,0.02640987,22.09547121,0.89104590,0.02431539,0,Phase2-退火(48%),0.000000,0.00000000,,4608,0.0703125000,0.0468750000,5e-05
rq_ema_k4-2_d2-2_rate047-20260720-173341,51,0.02756433,0.02265018,0.05021451,0.02426608,0.02193108,22.18841500,0.89179690,0.02426608,1,Phase2-退火(50%),0.000000,0.00000000,,4608,0.0703125000,0.0468750000,5e-05
rq_ema_k4-2_d2-2_rate047-20260720-173341,52,0.02701915,0.02289859,0.04991775,0.02502835,0.02157295,22.05515217,0.89059270,0.02426608,0,Phase2-退火(52%),0.000000,0.00000000,,4608,0.0703125000,0.0468750000,5e-05
rq_ema_k4-2_d2-2_rate047-20260720-173341,53,0.02875485,0.02264267,0.05139752,0.02342256,0.02246187,22.34801673,0.89308719,0.02342256,1,Phase2-退火(53%),0.000000,0.00000000,,4608,0.0703125000,0.0468750000,5e-05
rq_ema_k4-2_d2-2_rate047-20260720-173341,54,0.02673561,0.02340525,0.05014086,0.02470751,0.02084482,22.10574071,0.88531707,0.02342256,0,Phase2-退火(55%),0.000000,0.00000000,,4608,0.0703125000,0.0468750000,5e-05
rq_ema_k4-2_d2-2_rate047-20260720-173341,55,0.02668348,0.02404645,0.05072993,0.02453127,0.02429045,22.14984061,0.89259571,0.02342256,0,Phase2-退火(57%),0.000000,0.00000000,,4608,0.0703125000,0.0468750000,5e-05
rq_ema_k4-2_d2-2_rate047-20260720-173341,56,0.02664961,0.02450087,0.05115049,0.02806744,0.02108507,21.55694665,0.88293793,0.02342256,0,Phase2-退火(58%),0.000000,0.00000000,,4608,0.0703125000,0.0468750000,5e-05
rq_ema_k4-2_d2-2_rate047-20260720-173341,57,0.02652213,0.02521839,0.05174052,0.02401959,0.02618549,22.24452105,0.89283140,0.02342256,0,Phase2-退火(60%),0.000000,0.00000000,,4608,0.0703125000,0.0468750000,5e-05
rq_ema_k4-2_d2-2_rate047-20260720-173341,58,0.02626881,0.02579166,0.05206046,0.02387873,0.02418990,22.25940141,0.89316360,0.02342256,0,Phase2-退火(62%),0.000000,0.00000000,,4608,0.0703125000,0.0468750000,5e-05
rq_ema_k4-2_d2-2_rate047-20260720-173341,59,0.02624540,0.02647735,0.05272276,0.02483621,0.02472586,22.09273547,0.88585620,0.02342256,0,Phase2-退火(63%),0.000000,0.00000000,,4608,0.0703125000,0.0468750000,5e-05
rq_ema_k4-2_d2-2_rate047-20260720-173341,60,0.02604902,0.02679726,0.05284628,0.02685159,0.02582664,21.74237130,0.87997472,0.02342256,0,Phase2-退火(65%),0.000000,0.00000000,,4608,0.0703125000,0.0468750000,5e-05
rq_ema_k4-2_d2-2_rate047-20260720-173341,61,0.02585241,0.02749583,0.05334824,0.02450031,0.02458834,22.18708930,0.89169909,0.02342256,0,Phase2-退火(67%),0.000000,0.00000000,,4608,0.0703125000,0.0468750000,5e-05
rq_ema_k4-2_d2-2_rate047-20260720-173341,62,0.02623695,0.02826998,0.05450693,0.02397422,0.02616393,22.24238081,0.89278912,0.02342256,0,Phase2-退火(68%),0.000000,0.00000000,,4608,0.0703125000,0.0468750000,5e-05
rq_ema_k4-2_d2-2_rate047-20260720-173341,63,0.02579724,0.02904727,0.05484451,0.02582676,0.02888640,21.93423885,0.88483803,0.02342256,0,Phase2-退火(70%),0.000000,0.00000000,,4608,0.0703125000,0.0468750000,5e-05
rq_ema_k4-2_d2-2_rate047-20260720-173341,64,0.02549293,0.03036789,0.05586082,0.02315828,0.03011761,22.39286559,0.89268834,0.02315828,1,Phase2-退火(72%),0.000000,0.00000000,,4608,0.0703125000,0.0468750000,5e-05
rq_ema_k4-2_d2-2_rate047-20260720-173341,65,0.02590397,0.03119901,0.05710298,0.02504024,0.03955097,22.06522213,0.88931180,0.02315828,0,Phase2-退火(73%),0.000000,0.00000000,,4608,0.0703125000,0.0468750000,5e-05
rq_ema_k4-2_d2-2_rate047-20260720-173341,66,0.02581081,0.03251131,0.05832212,0.03898916,0.03755767,20.12322894,0.87487903,0.02315828,0,Phase2-退火(75%),0.000000,0.00000000,,4608,0.0703125000,0.0468750000,5e-05
rq_ema_k4-2_d2-2_rate047-20260720-173341,67,0.02564054,0.03381280,0.05945334,0.02476844,0.03776051,22.11578272,0.88885522,0.02315828,0,Phase2-退火(77%),0.000000,0.00000000,,4608,0.0703125000,0.0468750000,5e-05
rq_ema_k4-2_d2-2_rate047-20260720-173341,68,0.02571603,0.03644382,0.06215986,0.02621448,0.03822712,21.85027632,0.87973638,0.02315828,0,Phase2-退火(78%),0.000000,0.00000000,,4608,0.0703125000,0.0468750000,5e-05
rq_ema_k4-2_d2-2_rate047-20260720-173341,69,0.02577653,0.03943948,0.06521602,0.02811545,0.04640768,21.56405068,0.88400559,0.02315828,0,Phase2-退火(80%),0.000000,0.00000000,,4608,0.0703125000,0.0468750000,5e-05
rq_ema_k4-2_d2-2_rate047-20260720-173341,70,0.02590037,0.04153080,0.06743117,0.02422378,0.03981027,22.20107627,0.88900917,0.02315828,0,Phase2-退火(82%),0.000000,0.00000000,,4608,0.0703125000,0.0468750000,5e-05
rq_ema_k4-2_d2-2_rate047-20260720-173341,71,0.02547361,0.03997591,0.06544953,0.02377323,0.02966150,22.27527234,0.88947976,0.02315828,0,Phase2-退火(83%),0.000000,0.00000000,,4608,0.0703125000,0.0468750000,5e-05
rq_ema_k4-2_d2-2_rate047-20260720-173341,72,0.02727754,0.02417610,0.05145364,0.04341365,0.02262452,19.69004046,0.86145707,0.02315828,0,Phase2-退火(85%),0.000000,0.00000000,,4608,0.0703125000,0.0468750000,5e-05
rq_ema_k4-2_d2-2_rate047-20260720-173341,73,0.02576110,0.01967777,0.04543887,0.02334783,0.01964977,22.36068051,0.89322640,0.02315828,0,Phase2-退火(87%),0.000000,0.00000000,,4608,0.0703125000,0.0468750000,5e-05
rq_ema_k4-2_d2-2_rate047-20260720-173341,74,0.02476004,0.01918456,0.04394460,0.02451273,0.01676964,22.14888477,0.89128543,0.02315828,0,Phase2-退火(88%),0.000000,0.00000000,,4608,0.0703125000,0.0468750000,5e-05
rq_ema_k4-2_d2-2_rate047-20260720-173341,75,0.02526699,0.01885596,0.04412294,0.02572781,0.02045923,21.97638310,0.89032553,0.02315828,0,Phase2-退火(90%),0.000000,0.00000000,,4608,0.0703125000,0.0468750000,5e-05
rq_ema_k4-2_d2-2_rate047-20260720-173341,76,0.02427454,0.01813637,0.04241091,0.03455375,0.01872949,20.66284333,0.86999493,0.02315828,0,Phase2-退火(92%),0.000000,0.00000000,,4608,0.0703125000,0.0468750000,5e-05
rq_ema_k4-2_d2-2_rate047-20260720-173341,77,0.02392511,0.01796904,0.04189415,0.02335056,0.01750208,22.36023518,0.89263606,0.02315828,0,Phase2-退火(93%),0.000000,0.00000000,,4608,0.0703125000,0.0468750000,5e-05
rq_ema_k4-2_d2-2_rate047-20260720-173341,78,0.02409736,0.01762913,0.04172649,0.02298226,0.01641747,22.43084339,0.89400446,0.02298226,1,Phase2-退火(95%),0.000000,0.00000000,,4608,0.0703125000,0.0468750000,5e-05
rq_ema_k4-2_d2-2_rate047-20260720-173341,79,0.02337694,0.01730166,0.04067860,0.02347337,0.01693463,22.33307548,0.88917778,0.02298226,0,Phase2-退火(97%),0.000000,0.00000000,,4608,0.0703125000,0.0468750000,5e-05
rq_ema_k4-2_d2-2_rate047-20260720-173341,80,0.02334176,0.01741849,0.04076025,0.02303944,0.01780893,22.41358030,0.89214949,0.02298226,0,Phase2-退火(98%),0.000000,0.00000000,,4608,0.0703125000,0.0468750000,5e-05
rq_ema_k4-2_d2-2_rate047-20260720-173341,81,0.02301056,0.01731927,0.04032984,0.02340991,0.01688628,22.34404159,0.89233473,0.02298226,0,Phase3-微调,0.000000,0.00000000,,4608,0.0703125000,0.0468750000,5e-05
rq_ema_k4-2_d2-2_rate047-20260720-173341,82,0.02445548,0.01744610,0.04190158,0.02417074,0.01705840,22.20633169,0.89037095,0.02298226,0,Phase3-微调,0.025000,0.03518519,8.40466392,4608,0.0703125000,0.0468750000,5e-05
rq_ema_k4-2_d2-2_rate047-20260720-173341,83,0.02297476,0.01731758,0.04029235,0.02282841,0.01794779,22.45939322,0.89402632,0.02282841,1,Phase3-微调,0.050000,0.05185185,5.88246850,4608,0.0703125000,0.0468750000,5e-05
rq_ema_k4-2_d2-2_rate047-20260720-173341,84,0.02293476,0.01797911,0.04091387,0.02349455,0.01791873,22.32922797,0.89180151,0.02282841,0,Phase3-微调,0.075000,0.08518519,7.71283971,4608,0.0703125000,0.0468750000,5e-05
rq_ema_k4-2_d2-2_rate047-20260720-173341,85,0.02297557,0.01835971,0.04133529,0.02330754,0.01865593,22.36317364,0.89280809,0.02282841,0,Phase3-微调,0.100000,0.10000000,6.35169336,4608,0.0703125000,0.0468750000,5e-05
rq_ema_k4-2_d2-2_rate047-20260720-173341,86,0.02304479,0.01904327,0.04208806,0.02354203,0.01819138,22.31868307,0.88969309,0.02282841,0,Phase3-微调,0.125000,0.12777778,7.74443994,4608,0.0703125000,0.0468750000,5e-05
rq_ema_k4-2_d2-2_rate047-20260720-173341,87,0.02329034,0.02020965,0.04349999,0.02392127,0.02029701,22.25434200,0.89009620,0.02282841,0,Phase3-微调,0.150000,0.17407407,7.81779622,4608,0.0703125000,0.0468750000,5e-05
rq_ema_k4-2_d2-2_rate047-20260720-173341,88,0.02338479,0.02170345,0.04508824,0.02338315,0.02276901,22.35153457,0.88939353,0.02282841,0,Phase3-微调,0.175000,0.20370370,7.40619646,4608,0.0703125000,0.0468750000,5e-05
rq_ema_k4-2_d2-2_rate047-20260720-173341,89,0.02683565,0.02212132,0.04895697,0.02324823,0.01919256,22.37861611,0.88968659,0.02282841,0,Phase3-微调,0.200000,0.20370370,7.10430111,4608,0.0703125000,0.0468750000,5e-05
rq_ema_k4-2_d2-2_rate047-20260720-173341,90,0.02335298,0.02171859,0.04507157,0.02344042,0.02345540,22.34501662,0.88986708,0.02282841,0,Phase3-微调,0.225000,0.21296296,8.07503394,4608,0.0703125000,0.0468750000,5e-05
rq_ema_k4-2_d2-2_rate047-20260720-173341,91,0.02332506,0.02495269,0.04827775,0.02330206,0.02704159,22.37083371,0.89061066,0.02282841,0,Phase3-微调,0.250000,0.23888889,7.42456963,4608,0.0703125000,0.0468750000,5e-05
rq_ema_k4-2_d2-2_rate047-20260720-173341,92,0.02329931,0.02558026,0.04887958,0.02349181,0.02231827,22.33050323,0.88959097,0.02282841,0,Phase3-微调,0.275000,0.29814815,7.83087544,4608,0.0703125000,0.0468750000,5e-05
rq_ema_k4-2_d2-2_rate047-20260720-173341,93,0.02298120,0.02209015,0.04507135,0.02383552,0.02067854,22.26538667,0.88744592,0.02282841,0,Phase3-微调,0.300000,0.27592593,7.43920702,4608,0.0703125000,0.0468750000,5e-05
rq_ema_k4-2_d2-2_rate047-20260720-173341,94,0.02280849,0.01991420,0.04272269,0.02390399,0.01909656,22.26902236,0.89133109,0.02282841,0,Phase3-微调,0.325000,0.29629630,7.26514565,4608,0.0703125000,0.0468750000,5e-05
rq_ema_k4-2_d2-2_rate047-20260720-173341,95,0.02271214,0.01848392,0.04119606,0.02335510,0.01878637,22.35637832,0.88952929,0.02282841,0,Phase3-微调,0.350000,0.34444444,7.23031926,4608,0.0703125000,0.0468750000,5e-05
rq_ema_k4-2_d2-2_rate047-20260720-173341,96,0.02282970,0.01785432,0.04068402,0.02256011,0.01755635,22.50705943,0.89349963,0.02256011,1,Phase3-微调,0.375000,0.37222222,7.18978381,4608,0.0703125000,0.0468750000,5e-05
rq_ema_k4-2_d2-2_rate047-20260720-173341,97,0.02247272,0.01704855,0.03952127,0.02324893,0.01648722,22.37820140,0.89110415,0.02256011,0,Phase3-微调,0.400000,0.40185185,7.63153514,4608,0.0703125000,0.0468750000,5e-05
rq_ema_k4-2_d2-2_rate047-20260720-173341,98,0.02883196,0.01579699,0.04462895,0.02254699,0.01472377,22.50681161,0.89455806,0.02254699,1,Phase3-微调,0.425000,0.43333333,7.74932161,4608,0.0703125000,0.0468750000,5e-05
rq_ema_k4-2_d2-2_rate047-20260720-173341,99,0.02214529,0.01522073,0.03736601,0.02550591,0.01475725,21.96695351,0.88341413,0.02254699,0,Phase3-微调,0.450000,0.44444444,7.98672767,4608,0.0703125000,0.0468750000,5e-05
rq_ema_k4-2_d2-2_rate047-20260720-173341,100,0.02225438,0.01510738,0.03736175,0.02220115,0.01550853,22.57719111,0.89514540,0.02220115,1,Phase3-微调,0.475000,0.50370370,7.08230890,4608,0.0703125000,0.0468750000,2.5e-05
rq_ema_k4-2_d2-2_rate047-20260720-173341,101,0.02149124,0.01502077,0.03651201,0.02172149,0.01478440,22.66951973,0.89691015,0.02172149,1,Phase3-微调,0.500000,0.47407407,7.30415120,4608,0.0703125000,0.0468750000,2.5e-05
rq_ema_k4-2_d2-2_rate047-20260720-173341,102,0.02131007,0.01497212,0.03628218,0.02167045,0.01596690,22.67987056,0.89702388,0.02167045,1,Phase3-微调,0.525000,0.51481481,8.00658836,4608,0.0703125000,0.0468750000,2.5e-05
rq_ema_k4-2_d2-2_rate047-20260720-173341,103,0.02134307,0.01498605,0.03632912,0.02178055,0.01503903,22.65981780,0.89621509,0.02167045,0,Phase3-微调,0.550000,0.53148148,7.67151062,4608,0.0703125000,0.0468750000,2.5e-05
rq_ema_k4-2_d2-2_rate047-20260720-173341,104,0.02133942,0.01493066,0.03627008,0.02186099,0.01508331,22.64378606,0.89726236,0.02167045,0,Phase3-微调,0.575000,0.59814815,7.59122409,4608,0.0703125000,0.0468750000,2.5e-05
rq_ema_k4-2_d2-2_rate047-20260720-173341,105,0.02146108,0.01499483,0.03645591,0.02225072,0.01543330,22.57490624,0.89775792,0.02167045,0,Phase3-微调,0.600000,0.65740741,7.34898340,4608,0.0703125000,0.0468750000,2.5e-05
rq_ema_k4-2_d2-2_rate047-20260720-173341,106,0.02129363,0.01486561,0.03615924,0.02190209,0.01433027,22.63760663,0.89807266,0.02167045,0,Phase3-微调,0.625000,0.59629630,7.22776325,4608,0.0703125000,0.0468750000,2.5e-05
rq_ema_k4-2_d2-2_rate047-20260720-173341,107,0.02127597,0.01481004,0.03608601,0.02164978,0.01383174,22.68295858,0.89686327,0.02164978,1,Phase3-微调,0.650000,0.65555556,7.59086382,4608,0.0703125000,0.0468750000,2.5e-05
rq_ema_k4-2_d2-2_rate047-20260720-173341,108,0.02129571,0.01468815,0.03598386,0.02179984,0.01515181,22.65596204,0.89594563,0.02164978,0,Phase3-微调,0.675000,0.73888889,7.50572193,4608,0.0703125000,0.0468750000,2.5e-05
rq_ema_k4-2_d2-2_rate047-20260720-173341,109,0.02119095,0.01473056,0.03592150,0.02162526,0.01534453,22.69567923,0.89877922,0.02162526,1,Phase3-微调,0.700000,0.70370370,7.42903736,4608,0.0703125000,0.0468750000,2.5e-05
rq_ema_k4-2_d2-2_rate047-20260720-173341,110,0.02119392,0.01472245,0.03591637,0.02144254,0.01499832,22.72926052,0.89850775,0.02144254,1,Phase3-微调,0.725000,0.75370370,7.75538588,4608,0.0703125000,0.0468750000,2.5e-05
rq_ema_k4-2_d2-2_rate047-20260720-173341,111,0.02120721,0.01473997,0.03594719,0.02177764,0.01528330,22.66241792,0.89724501,0.02144254,0,Phase3-微调,0.750000,0.78333333,7.68975145,4608,0.0703125000,0.0468750000,2.5e-05
rq_ema_k4-2_d2-2_rate047-20260720-173341,112,0.02113060,0.01473429,0.03586489,0.02208938,0.01444724,22.60338259,0.89958381,0.02144254,0,Phase3-微调,0.775000,0.79444444,7.83333541,4608,0.0703125000,0.0468750000,2.5e-05
rq_ema_k4-2_d2-2_rate047-20260720-173341,113,0.02108447,0.01459210,0.03567657,0.02142104,0.01458607,22.73031622,0.89880899,0.02142104,1,Phase3-微调,0.800000,0.78888889,7.43767526,4608,0.0703125000,0.0468750000,2.5e-05
rq_ema_k4-2_d2-2_rate047-20260720-173341,114,0.02102825,0.01449394,0.03552219,0.02145752,0.01458752,22.72490835,0.89859092,0.02142104,0,Phase3-微调,0.825000,0.85740741,7.51688428,4608,0.0703125000,0.0468750000,2.5e-05
rq_ema_k4-2_d2-2_rate047-20260720-173341,115,0.02103697,0.01454000,0.03557697,0.02139991,0.01503836,22.73662405,0.89797830,0.02139991,1,Phase3-微调,0.850000,0.84074074,7.39632539,4608,0.0703125000,0.0468750000,2.5e-05
rq_ema_k4-2_d2-2_rate047-20260720-173341,116,0.02097896,0.01450427,0.03548324,0.02140370,0.01434775,22.74466469,0.89981362,0.02139991,0,Phase3-微调,0.875000,0.86666667,7.58229847,4608,0.0703125000,0.0468750000,2.5e-05
rq_ema_k4-2_d2-2_rate047-20260720-173341,117,0.02098248,0.01450147,0.03548395,0.02148692,0.01455407,22.72160826,0.89981720,0.02139991,0,Phase3-微调,0.900000,0.90370370,7.27490773,4608,0.0703125000,0.0468750000,2.5e-05
rq_ema_k4-2_d2-2_rate047-20260720-173341,118,0.02095733,0.01456673,0.03552406,0.02129446,0.01491184,22.75931519,0.89866268,0.02129446,1,Phase3-微调,0.925000,0.91296296,7.63215655,4608,0.0703125000,0.0468750000,2.5e-05
rq_ema_k4-2_d2-2_rate047-20260720-173341,119,0.02090454,0.01452655,0.03543109,0.02136941,0.01482474,22.74406964,0.89915696,0.02129446,0,Phase3-微调,0.950000,0.94814815,7.34035780,4608,0.0703125000,0.0468750000,2.5e-05
rq_ema_k4-2_d2-2_rate047-20260720-173341,120,0.02086785,0.01441758,0.03528542,0.02121673,0.01387906,22.77402864,0.89894247,0.02121673,1,Phase3-微调,0.975000,0.96481481,7.71395102,4608,0.0703125000,0.0468750000,2.5e-05
rq_ema_k4-2_d2-2_rate047-20260720-173341,121,0.02088495,0.01447703,0.03536199,0.02305492,0.01611315,22.41576136,0.89514179,0.02121673,0,Phase3-微调,1.000000,1.00000000,7.42540997,4608,0.0703125000,0.0468750000,2.5e-05
rq_ema_k4-2_d2-2_rate047-20260720-173341,122,0.02087603,0.01443145,0.03530748,0.02155269,0.01365540,22.70192848,0.89837100,0.02121673,0,Phase3-微调,1.000000,1.00000000,7.58509470,4608,0.0703125000,0.0468750000,2.5e-05
rq_ema_k4-2_d2-2_rate047-20260720-173341,123,0.02088292,0.01455880,0.03544172,0.02191007,0.01475520,22.63478016,0.89632937,0.02121673,0,Phase3-微调,1.000000,1.00000000,7.57335612,4608,0.0703125000,0.0468750000,2.5e-05
rq_ema_k4-2_d2-2_rate047-20260720-173341,124,0.02081297,0.01446402,0.03527699,0.02120827,0.01474227,22.77653881,0.90072726,0.02120827,1,Phase3-微调,1.000000,1.00000000,7.75801223,4608,0.0703125000,0.0468750000,2.5e-05
rq_ema_k4-2_d2-2_rate047-20260720-173341,125,0.02076110,0.01442961,0.03519071,0.02211000,0.01603148,22.59871281,0.89817856,0.02120827,0,Phase3-微调,1.000000,1.00000000,7.84609221,4608,0.0703125000,0.0468750000,2.5e-05
rq_ema_k4-2_d2-2_rate047-20260720-173341,126,0.02077779,0.01439134,0.03516912,0.02118029,0.01497303,22.78288947,0.89896826,0.02118029,1,Phase3-微调,1.000000,1.00000000,7.60607885,4608,0.0703125000,0.0468750000,2.5e-05
rq_ema_k4-2_d2-2_rate047-20260720-173341,127,0.02061502,0.01431521,0.03493023,0.02125515,0.01440604,22.76743238,0.89982073,0.02118029,0,Phase3-微调,1.000000,1.00000000,7.28960551,4608,0.0703125000,0.0468750000,2.5e-05
rq_ema_k4-2_d2-2_rate047-20260720-173341,128,0.02058385,0.01432509,0.03490894,0.02172983,0.01487158,22.68306981,0.90075243,0.02118029,0,Phase3-微调,1.000000,1.00000000,7.94258791,4608,0.0703125000,0.0468750000,2.5e-05
rq_ema_k4-2_d2-2_rate047-20260720-173341,129,0.02066697,0.01438650,0.03505348,0.02118864,0.01541709,22.78222776,0.90023713,0.02118029,0,Phase3-微调,1.000000,1.00000000,7.40869396,4608,0.0703125000,0.0468750000,2.5e-05
rq_ema_k4-2_d2-2_rate047-20260720-173341,130,0.02055709,0.01433051,0.03488759,0.02115436,0.01429815,22.78533032,0.90031394,0.02115436,1,Phase3-微调,1.000000,1.00000000,7.54518830,4608,0.0703125000,0.0468750000,2.5e-05
rq_ema_k4-2_d2-2_rate047-20260720-173341,131,0.02051136,0.01432103,0.03483239,0.02095336,0.01438939,22.82880446,0.90101822,0.02095336,1,Phase3-微调,1.000000,1.00000000,7.42523246,4608,0.0703125000,0.0468750000,2.5e-05
rq_ema_k4-2_d2-2_rate047-20260720-173341,132,0.02052391,0.01434733,0.03487124,0.02110101,0.01409144,22.79592326,0.90033123,0.02095336,0,Phase3-微调,1.000000,1.00000000,7.61646393,4608,0.0703125000,0.0468750000,2.5e-05
rq_ema_k4-2_d2-2_rate047-20260720-173341,133,0.02048356,0.01426500,0.03474856,0.02144857,0.01435459,22.72994830,0.90101765,0.02095336,0,Phase3-微调,1.000000,1.00000000,7.87066607,4608,0.0703125000,0.0468750000,2.5e-05
rq_ema_k4-2_d2-2_rate047-20260720-173341,134,0.02041147,0.01428575,0.03469721,0.02102863,0.01501437,22.81815945,0.90160389,0.02095336,0,Phase3-微调,1.000000,1.00000000,7.53658667,4608,0.0703125000,0.0468750000,2.5e-05
rq_ema_k4-2_d2-2_rate047-20260720-173341,135,0.02037704,0.01432154,0.03469859,0.02106766,0.01456382,22.80429019,0.89909836,0.02095336,0,Phase3-微调,1.000000,1.00000000,7.68541420,4608,0.0703125000,0.0468750000,2.5e-05
rq_ema_k4-2_d2-2_rate047-20260720-173341,136,0.02037524,0.01430673,0.03468198,0.02103997,0.01487827,22.81365777,0.90165805,0.02095336,0,Phase3-微调,1.000000,1.00000000,7.48450443,4608,0.0703125000,0.0468750000,2.5e-05
rq_ema_k4-2_d2-2_rate047-20260720-173341,137,0.02041802,0.01438505,0.03480307,0.02088399,0.01459351,22.84120481,0.90000364,0.02088399,1,Phase3-微调,1.000000,1.00000000,7.72601022,4608,0.0703125000,0.0468750000,2.5e-05
rq_ema_k4-2_d2-2_rate047-20260720-173341,138,0.02032407,0.01433161,0.03465568,0.02128132,0.01477660,22.77004524,0.90176843,0.02088399,0,Phase3-微调,1.000000,1.00000000,7.64936412,4608,0.0703125000,0.0468750000,2.5e-05
rq_ema_k4-2_d2-2_rate047-20260720-173341,139,0.02033257,0.01434571,0.03467828,0.02148523,0.01562885,22.71762542,0.89882969,0.02088399,0,Phase3-微调,1.000000,1.00000000,7.21503274,4608,0.0703125000,0.0468750000,2.5e-05
rq_ema_k4-2_d2-2_rate047-20260720-173341,140,0.02030550,0.01439250,0.03469800,0.02105378,0.01436207,22.80516584,0.90048883,0.02088399,0,Phase3-微调,1.000000,1.00000000,7.46912456,4608,0.0703125000,0.0468750000,2.5e-05
rq_ema_k4-2_d2-2_rate047-20260720-173341,141,0.02021953,0.01434500,0.03456453,0.02079796,0.01388440,22.85775229,0.90116455,0.02079796,1,Phase3-微调,1.000000,1.00000000,7.63490875,4608,0.0703125000,0.0468750000,2.5e-05
rq_ema_k4-2_d2-2_rate047-20260720-173341,142,0.02023088,0.01440278,0.03463365,0.02078983,0.01472430,22.86303749,0.90133592,0.02078983,1,Phase3-微调,1.000000,1.00000000,7.65462462,4608,0.0703125000,0.0468750000,2.5e-05
rq_ema_k4-2_d2-2_rate047-20260720-173341,143,0.02021565,0.01435883,0.03457448,0.02086062,0.01494329,22.85001651,0.90143842,0.02078983,0,Phase3-微调,1.000000,1.00000000,7.52996006,4608,0.0703125000,0.0468750000,2.5e-05
rq_ema_k4-2_d2-2_rate047-20260720-173341,144,0.02013741,0.01440038,0.03453779,0.02106408,0.01487494,22.80293457,0.90072154,0.02078983,0,Phase3-微调,1.000000,1.00000000,7.39523454,4608,0.0703125000,0.0468750000,2.5e-05
rq_ema_k4-2_d2-2_rate047-20260720-173341,145,0.02011590,0.01439991,0.03451581,0.02081223,0.01397648,22.85851958,0.90170474,0.02078983,0,Phase3-微调,1.000000,1.00000000,7.68207674,4608,0.0703125000,0.0468750000,2.5e-05
rq_ema_k4-2_d2-2_rate047-20260720-173341,146,0.02011736,0.01440613,0.03452349,0.02101228,0.01530236,22.82394829,0.90338946,0.02078983,0,Phase3-微调,1.000000,1.00000000,7.27924462,4608,0.0703125000,0.0468750000,2.5e-05
rq_ema_k4-2_d2-2_rate047-20260720-173341,147,0.02013137,0.01439954,0.03453091,0.02084083,0.01563296,22.86994799,0.90464570,0.02078983,0,Phase3-微调,1.000000,1.00000000,7.58175440,4608,0.0703125000,0.0468750000,2.5e-05
rq_ema_k4-2_d2-2_rate047-20260720-173341,148,0.02011127,0.01447656,0.03458783,0.02045571,0.01461932,22.93382154,0.90358173,0.02045571,1,Phase3-微调,1.000000,1.00000000,7.67897016,4608,0.0703125000,0.0468750000,2.5e-05
rq_ema_k4-2_d2-2_rate047-20260720-173341,149,0.02004156,0.01447364,0.03451520,0.02077283,0.01509727,22.86976316,0.90233107,0.02045571,0,Phase3-微调,1.000000,1.00000000,7.69065620,4608,0.0703125000,0.0468750000,2.5e-05
rq_ema_k4-2_d2-2_rate047-20260720-173341,150,0.02007650,0.01454620,0.03462270,0.02118038,0.01423460,22.78092165,0.90095545,0.02045571,0,Phase3-微调,1.000000,1.00000000,7.32871693,4608,0.0703125000,0.0468750000,2.5e-05
rq_ema_k4-2_d2-2_rate047-20260720-173341,151,0.02003042,0.01451761,0.03454804,0.02068011,0.01488496,22.88281595,0.90222306,0.02045571,0,Phase3-微调,1.000000,1.00000000,7.49599336,4608,0.0703125000,0.0468750000,2.5e-05
rq_ema_k4-2_d2-2_rate047-20260720-173341,152,0.01991253,0.01447640,0.03438893,0.02055873,0.01513102,22.91046252,0.90297438,0.02045571,0,Phase3-微调,1.000000,1.00000000,7.39189683,4608,0.0703125000,0.0468750000,2.5e-05
rq_ema_k4-2_d2-2_rate047-20260720-173341,153,0.01996098,0.01454300,0.03450398,0.02096253,0.01496438,22.83927189,0.90405029,0.02045571,0,Phase3-微调,1.000000,1.00000000,7.61212888,4608,0.0703125000,0.0468750000,2.5e-05
rq_ema_k4-2_d2-2_rate047-20260720-173341,154,0.01995787,0.01458362,0.03454149,0.02068534,0.01541962,22.89046922,0.90415639,0.02045571,0,Phase3-微调,1.000000,1.00000000,7.28555573,4608,0.0703125000,0.0468750000,2.5e-05
rq_ema_k4-2_d2-2_rate047-20260720-173341,155,0.01993335,0.01456873,0.03450208,0.02054397,0.01439857,22.91388135,0.90324676,0.02045571,0,Phase3-微调,1.000000,1.00000000,6.95042730,4608,0.0703125000,0.0468750000,2.5e-05
rq_ema_k4-2_d2-2_rate047-20260720-173341,156,0.01995936,0.01471189,0.03467125,0.02051528,0.01405957,22.92120073,0.90366189,0.02045571,0,Phase3-微调,1.000000,1.00000000,7.15115223,4608,0.0703125000,0.0468750000,2.5e-05
rq_ema_k4-2_d2-2_rate047-20260720-173341,157,0.01986151,0.01468112,0.03454263,0.02043485,0.01495708,22.93686976,0.90350105,0.02043485,1,Phase3-微调,1.000000,1.00000000,7.48015481,4608,0.0703125000,0.0468750000,2.5e-05
rq_ema_k4-2_d2-2_rate047-20260720-173341,158,0.01984485,0.01464991,0.03449476,0.02088767,0.01530842,22.84431746,0.90250096,0.02043485,0,Phase3-微调,1.000000,1.00000000,7.30675165,4608,0.0703125000,0.0468750000,2.5e-05
rq_ema_k4-2_d2-2_rate047-20260720-173341,159,0.01983543,0.01480550,0.03464093,0.02111084,0.01669056,22.79419368,0.90079166,0.02043485,0,Phase3-微调,1.000000,1.00000000,7.36439506,4608,0.0703125000,0.0468750000,2.5e-05
rq_ema_k4-2_d2-2_rate047-20260720-173341,160,0.01979947,0.01473790,0.03453737,0.02048415,0.01510670,22.92875905,0.90339282,0.02043485,0,Phase3-微调,1.000000,1.00000000,7.46940142,4608,0.0703125000,0.0468750000,2.5e-05
rq_ema_k4-2_d2-2_rate047-20260720-173341,161,0.01983957,0.01483677,0.03467635,0.02033863,0.01466775,22.96189372,0.90340860,0.02033863,1,Phase3-微调,1.000000,1.00000000,7.46462349,4608,0.0703125000,0.0468750000,2.5e-05
rq_ema_k4-2_d2-2_rate047-20260720-173341,162,0.01978913,0.01478761,0.03457674,0.02205988,0.01499919,22.63202356,0.90284890,0.02033863,0,Phase3-微调,1.000000,1.00000000,7.63715931,4608,0.0703125000,0.0468750000,2.5e-05
rq_ema_k4-2_d2-2_rate047-20260720-173341,163,0.01984913,0.01487857,0.03472769,0.02060298,0.01525080,22.90003896,0.90145042,0.02033863,0,Phase3-微调,1.000000,1.00000000,7.42449973,4608,0.0703125000,0.0468750000,2.5e-05
rq_ema_k4-2_d2-2_rate047-20260720-173341,164,0.01970776,0.01490980,0.03461756,0.02055571,0.01463047,22.91223653,0.90267725,0.02033863,0,Phase3-微调,1.000000,1.00000000,7.88586711,4608,0.0703125000,0.0468750000,2.5e-05
rq_ema_k4-2_d2-2_rate047-20260720-173341,165,0.01977258,0.01487376,0.03464634,0.02030900,0.01497507,22.96581259,0.90463134,0.02030900,1,Phase3-微调,1.000000,1.00000000,7.45832503,4608,0.0703125000,0.0468750000,2.5e-05
rq_ema_k4-2_d2-2_rate047-20260720-173341,166,0.01975648,0.01493717,0.03469365,0.02063938,0.01457367,22.89144955,0.90213386,0.02030900,0,Phase3-微调,1.000000,1.00000000,7.41297114,4608,0.0703125000,0.0468750000,2.5e-05
rq_ema_k4-2_d2-2_rate047-20260720-173341,167,0.01968107,0.01487098,0.03455205,0.02080066,0.01495647,22.86217323,0.90386425,0.02030900,0,Phase3-微调,1.000000,1.00000000,7.54958680,4608,0.0703125000,0.0468750000,2.5e-05
rq_ema_k4-2_d2-2_rate047-20260720-173341,168,0.01964268,0.01490400,0.03454668,0.02085887,0.01558949,22.84481058,0.90094925,0.02030900,0,Phase3-微调,1.000000,1.00000000,7.57658814,4608,0.0703125000,0.0468750000,2.5e-05
rq_ema_k4-2_d2-2_rate047-20260720-173341,169,0.01967901,0.01498215,0.03466116,0.02085656,0.01549600,22.84647549,0.90232470,0.02030900,0,Phase3-微调,1.000000,1.00000000,7.58730858,4608,0.0703125000,0.0468750000,2.5e-05
rq_ema_k4-2_d2-2_rate047-20260720-173341,170,0.01961494,0.01499695,0.03461189,0.02040315,0.01478962,22.94242327,0.90375332,0.02030900,0,Phase3-微调,1.000000,1.00000000,7.72071307,4608,0.0703125000,0.0468750000,2.5e-05
rq_ema_k4-2_d2-2_rate047-20260720-173341,171,0.01962343,0.01511064,0.03473408,0.02056995,0.01538963,22.90938985,0.90406868,0.02030900,0,Phase3-微调,1.000000,1.00000000,7.52247430,4608,0.0703125000,0.0468750000,2.5e-05
rq_ema_k4-2_d2-2_rate047-20260720-173341,172,0.01961073,0.01516485,0.03477559,0.02017335,0.01533425,22.99065993,0.90419653,0.02017335,1,Phase3-微调,1.000000,1.00000000,7.19649755,4608,0.0703125000,0.0468750000,2.5e-05
rq_ema_k4-2_d2-2_rate047-20260720-173341,173,0.01963527,0.01528286,0.03491813,0.02031456,0.01602804,22.96254894,0.90407953,0.02017335,0,Phase3-微调,1.000000,1.00000000,7.39524889,4608,0.0703125000,0.0468750000,2.5e-05
rq_ema_k4-2_d2-2_rate047-20260720-173341,174,0.01962500,0.01529384,0.03491884,0.02054625,0.01554378,22.92096099,0.90440615,0.02017335,0,Phase3-微调,1.000000,1.00000000,7.54383956,4608,0.0703125000,0.0468750000,2.5e-05
rq_ema_k4-2_d2-2_rate047-20260720-173341,175,0.01953266,0.01526285,0.03479551,0.02006028,0.01431878,23.01855338,0.90486324,0.02006028,1,Phase3-微调,1.000000,1.00000000,7.43909905,4608,0.0703125000,0.0468750000,2.5e-05
rq_ema_k4-2_d2-2_rate047-20260720-173341,176,0.01964171,0.01531970,0.03496141,0.02020115,0.01477176,22.98751433,0.90460415,0.02006028,0,Phase3-微调,1.000000,1.00000000,7.39191604,4608,0.0703125000,0.0468750000,2.5e-05
rq_ema_k4-2_d2-2_rate047-20260720-173341,177,0.01947314,0.01533667,0.03480981,0.02027669,0.01530451,22.97004107,0.90379906,0.02006028,0,Phase3-微调,1.000000,1.00000000,7.56087380,4608,0.0703125000,0.0468750000,2.5e-05
rq_ema_k4-2_d2-2_rate047-20260720-173341,178,0.01945250,0.01539582,0.03484832,0.02008018,0.01581450,23.01585759,0.90599170,0.02006028,0,Phase3-微调,1.000000,1.00000000,7.50032362,4608,0.0703125000,0.0468750000,2.5e-05
rq_ema_k4-2_d2-2_rate047-20260720-173341,179,0.01945020,0.01545115,0.03490135,0.01992665,0.01606686,23.04860773,0.90685977,0.01992665,1,Phase3-微调,1.000000,1.00000000,7.57486151,4608,0.0703125000,0.0468750000,2.5e-05
rq_ema_k4-2_d2-2_rate047-20260720-173341,180,0.01955924,0.01565385,0.03521309,0.02031746,0.01609952,22.96660245,0.90357064,0.01992665,0,Phase3-微调,1.000000,1.00000000,7.91366006,4608,0.0703125000,0.0468750000,2.5e-05
rq_ema_k4-2_d2-2_rate047-20260720-173341,181,0.01950371,0.01568854,0.03519225,0.02028835,0.01652992,22.96826196,0.90511274,0.01992665,0,Phase3-微调,1.000000,1.00000000,7.50969224,4608,0.0703125000,0.0468750000,2.5e-05
rq_ema_k4-2_d2-2_rate047-20260720-173341,182,0.01951696,0.01569697,0.03521393,0.02012245,0.01635161,23.00702073,0.90597525,0.01992665,0,Phase3-微调,1.000000,1.00000000,7.51949527,4608,0.0703125000,0.0468750000,2.5e-05
rq_ema_k4-2_d2-2_rate047-20260720-173341,183,0.01946476,0.01570100,0.03516576,0.02024694,0.01521570,22.97656371,0.90321380,0.01992665,0,Phase3-微调,1.000000,1.00000000,7.66518630,4608,0.0703125000,0.0468750000,2.5e-05
rq_ema_k4-2_d2-2_rate047-20260720-173341,184,0.01942982,0.01569931,0.03512912,0.02030849,0.01607872,22.96565162,0.90480381,0.01992665,0,Phase3-微调,1.000000,1.00000000,7.39271564,4608,0.0703125000,0.0468750000,2.5e-05
rq_ema_k4-2_d2-2_rate047-20260720-173341,185,0.01941927,0.01578163,0.03520090,0.02025479,0.01539919,22.97433929,0.90339697,0.01992665,0,Phase3-微调,1.000000,1.00000000,7.54735833,4608,0.0703125000,0.0468750000,2.5e-05
rq_ema_k4-2_d2-2_rate047-20260720-173341,186,0.01940917,0.01582559,0.03523476,0.02077214,0.01755069,22.87507312,0.90424726,0.01992665,0,Phase3-微调,1.000000,1.00000000,7.56457112,4608,0.0703125000,0.0468750000,2.5e-05
rq_ema_k4-2_d2-2_rate047-20260720-173341,187,0.01940658,0.01590091,0.03530749,0.02015506,0.01657079,22.99668401,0.90497778,0.01992665,0,Phase3-微调,1.000000,1.00000000,7.16610869,4608,0.0703125000,0.0468750000,2.5e-05
rq_ema_k4-2_d2-2_rate047-20260720-173341,188,0.01939336,0.01593965,0.03533301,0.02039623,0.01632739,22.94578521,0.90384628,0.01992665,0,Phase3-微调,1.000000,1.00000000,7.61770391,4608,0.0703125000,0.0468750000,2.5e-05
rq_ema_k4-2_d2-2_rate047-20260720-173341,189,0.01933732,0.01590850,0.03524582,0.02056253,0.01652581,22.92067325,0.90349215,0.01992665,0,Phase3-微调,1.000000,1.00000000,7.76893449,4608,0.0703125000,0.0468750000,2.5e-05
rq_ema_k4-2_d2-2_rate047-20260720-173341,190,0.01943907,0.01612466,0.03556373,0.02073793,0.01629327,22.88305829,0.90377404,0.01992665,0,Phase3-微调,1.000000,1.00000000,7.43564887,4608,0.0703125000,0.0468750000,2.5e-05
rq_ema_k4-2_d2-2_rate047-20260720-173341,191,0.01930486,0.01599919,0.03530405,0.02010995,0.01626586,23.01004364,0.90545054,0.01992665,0,Phase3-微调,1.000000,1.00000000,7.63643521,4608,0.0703125000,0.0468750000,2.5e-05
rq_ema_k4-2_d2-2_rate047-20260720-173341,192,0.01938406,0.01610456,0.03548862,0.02010318,0.01595324,23.00873814,0.90470943,0.01992665,0,Phase3-微调,1.000000,1.00000000,7.43077270,4608,0.0703125000,0.0468750000,2.5e-05
rq_ema_k4-2_d2-2_rate047-20260720-173341,193,0.01935009,0.01614508,0.03549518,0.02015649,0.01575393,22.99790900,0.90315116,0.01992665,0,Phase3-微调,1.000000,1.00000000,7.50554527,4608,0.0703125000,0.0468750000,2.5e-05
rq_ema_k4-2_d2-2_rate047-20260720-173341,194,0.01927942,0.01613010,0.03540952,0.02011151,0.01680102,23.00676777,0.90445736,0.01992665,0,Phase3-微调,1.000000,1.00000000,7.39903987,4608,0.0703125000,0.0468750000,2.5e-05
rq_ema_k4-2_d2-2_rate047-20260720-173341,195,0.01932556,0.01616188,0.03548743,0.02017317,0.01702031,22.99768775,0.90444266,0.01992665,0,Phase3-微调,1.000000,1.00000000,7.65249031,4608,0.0703125000,0.0468750000,2.5e-05
rq_ema_k4-2_d2-2_rate047-20260720-173341,196,0.01927190,0.01633330,0.03560520,0.02015796,0.01748578,22.99671270,0.90334032,0.01992665,0,Phase3-微调,1.000000,1.00000000,7.46333716,4608,0.0703125000,0.0468750000,2.5e-05
rq_ema_k4-2_d2-2_rate047-20260720-173341,197,0.01923698,0.01622385,0.03546083,0.02012624,0.01597090,23.00144458,0.90449309,0.01992665,0,Phase3-微调,1.000000,1.00000000,7.60771568,4608,0.0703125000,0.0468750000,2.5e-05
rq_ema_k4-2_d2-2_rate047-20260720-173341,198,0.01929137,0.01634152,0.03563289,0.02028790,0.01640715,22.97040001,0.90571013,0.01992665,0,Phase3-微调,1.000000,1.00000000,7.51953120,4608,0.0703125000,0.0468750000,2.5e-05
rq_ema_k4-2_d2-2_rate047-20260720-173341,199,0.01923977,0.01638630,0.03562607,0.02016565,0.01558315,22.99624876,0.90481286,0.01992665,0,Phase3-微调,1.000000,1.00000000,8.00323667,4608,0.0703125000,0.0468750000,2.5e-05
rq_ema_k4-2_d2-2_rate047-20260720-173341,200,0.01925356,0.01648220,0.03573577,0.02018990,0.01819077,22.99663524,0.90592681,0.01992665,0,Phase3-微调,1.000000,1.00000000,7.45273452,4608,0.0703125000,0.0468750000,1.25e-05
