run_id,epoch,layer,depth,scope,codebook_size,active_ratio,active_count,dead_count,perplexity,codebook_loss,commitment,residual_norm,projection_grad_norm,restarted_codes,usage_counts,min_l2_dist,collapse_count,collapse_ratio,distance_reference_count,distance_stats_exact
residual_simvq_k4-2_d4-4_rate094-20260727-142121,10,0,0,depth,4,1.0000000000,4,0,3.8628082275,0.1620326221,0.1620326221,0.4021822050,,0,"[125228,160959,131551,73782]",,,,,
residual_simvq_k4-2_d4-4_rate094-20260727-142121,10,0,1,depth,4,1.0000000000,4,0,3.1741170883,0.1129041284,0.1129041281,0.3355507493,,0,"[182917,8014,131946,168643]",,,,,
residual_simvq_k4-2_d4-4_rate094-20260727-142121,10,0,2,depth,4,1.0000000000,4,0,2.7271921635,0.0950677108,0.0950677112,0.3078685552,,0,"[209252,34,69499,212735]",,,,,
residual_simvq_k4-2_d4-4_rate094-20260727-142121,10,0,3,depth,4,0.7500000000,3,1,2.7082865238,0.0873746503,0.0873746514,0.2951614588,,0,"[220045,0,67010,204465]",,,,,
residual_simvq_k4-2_d4-4_rate094-20260727-142121,10,0,,aggregate,4,1.0000000000,4,0,3.5577204227,0.1143447779,0.1143447782,0.2951614588,0.0004259296,0,"[737442,169007,400006,659625]",4.0587000847,0,0.0000000000,4,1
residual_simvq_k4-2_d4-4_rate094-20260727-142121,10,1,0,depth,2,1.0000000000,2,0,1.9425679445,0.0278682905,0.0278682905,0.1669123754,,0,"[76199,46681]",,,,,
residual_simvq_k4-2_d4-4_rate094-20260727-142121,10,1,1,depth,2,1.0000000000,2,0,1.9971820116,0.0106378718,0.0106378720,0.1030631758,,0,"[58178,64702]",,,,,
residual_simvq_k4-2_d4-4_rate094-20260727-142121,10,1,2,depth,2,1.0000000000,2,0,1.9112229347,0.0061254017,0.0061254017,0.0782097954,,0,"[43067,79813]",,,,,
residual_simvq_k4-2_d4-4_rate094-20260727-142121,10,1,3,depth,2,1.0000000000,2,0,1.8194758892,0.0051896829,0.0051896830,0.0720165722,,0,"[35146,87734]",,,,,
residual_simvq_k4-2_d4-4_rate094-20260727-142121,10,1,,aggregate,2,1.0000000000,2,0,1.9818108082,0.0124553117,0.0124553118,0.0720165722,0.0002473295,0,"[212590,278930]",4.7811727524,0,0.0000000000,2,1
residual_simvq_k4-2_d4-4_rate094-20260727-142121,20,0,0,depth,4,1.0000000000,4,0,3.8519761562,0.2156109057,0.2156109057,0.4639537781,,0,"[119680,156541,143661,71638]",,,,,
residual_simvq_k4-2_d4-4_rate094-20260727-142121,20,0,1,depth,4,1.0000000000,4,0,3.1976802349,0.1682845995,0.1682845987,0.4097288832,,0,"[184232,9118,134138,164032]",,,,,
residual_simvq_k4-2_d4-4_rate094-20260727-142121,20,0,2,depth,4,1.0000000000,4,0,2.7584910393,0.1517286859,0.1517286837,0.3890207067,,0,"[203713,45,74749,213013]",,,,,
residual_simvq_k4-2_d4-4_rate094-20260727-142121,20,0,3,depth,4,0.7500000000,3,1,2.7159762383,0.1448141079,0.1448141068,0.3800565109,,0,"[211498,0,67978,212044]",,,,,
residual_simvq_k4-2_d4-4_rate094-20260727-142121,20,0,,aggregate,4,1.0000000000,4,0,3.5704617500,0.1701095748,0.1701095738,0.3800565109,0.0004346292,0,"[719123,165704,420526,660727]",3.9448032379,0,0.0000000000,4,1
residual_simvq_k4-2_d4-4_rate094-20260727-142121,20,1,0,depth,2,1.0000000000,2,0,1.9919742346,0.0217067112,0.0217067112,0.1472739778,,0,"[66946,55934]",,,,,
residual_simvq_k4-2_d4-4_rate094-20260727-142121,20,1,1,depth,2,1.0000000000,2,0,1.9911440611,0.0093127106,0.0093127106,0.0963904291,,0,"[55656,67224]",,,,,
residual_simvq_k4-2_d4-4_rate094-20260727-142121,20,1,2,depth,2,1.0000000000,2,0,1.8991800547,0.0060084682,0.0060084683,0.0774386831,,0,"[41851,81029]",,,,,
residual_simvq_k4-2_d4-4_rate094-20260727-142121,20,1,3,depth,2,1.0000000000,2,0,1.8927415609,0.0053544132,0.0053544132,0.0731155615,,0,"[41230,81650]",,,,,
residual_simvq_k4-2_d4-4_rate094-20260727-142121,20,1,,aggregate,2,1.0000000000,2,0,1.9734654427,0.0105955758,0.0105955758,0.0731155615,0.0002271775,0,"[205683,285837]",4.8119978905,0,0.0000000000,2,1
residual_simvq_k4-2_d4-4_rate094-20260727-142121,30,0,0,depth,4,1.0000000000,4,0,3.8834910393,0.2573054776,0.2573054776,0.5068190545,,0,"[114016,148025,150350,79129]",,,,,
residual_simvq_k4-2_d4-4_rate094-20260727-142121,30,0,1,depth,4,1.0000000000,4,0,3.2087800503,0.2096380286,0.2096380278,0.4573589236,,0,"[176414,9271,137226,168609]",,,,,
residual_simvq_k4-2_d4-4_rate094-20260727-142121,30,0,2,depth,4,1.0000000000,4,0,2.7746973038,0.1919952229,0.1919952221,0.4376723915,,0,"[202680,47,77587,211206]",,,,,
residual_simvq_k4-2_d4-4_rate094-20260727-142121,30,0,3,depth,4,0.7500000000,3,1,2.7352316380,0.1837184615,0.1837184623,0.4281388566,,0,"[212159,0,71123,208238]",,,,,
residual_simvq_k4-2_d4-4_rate094-20260727-142121,30,0,,aggregate,4,1.0000000000,4,0,3.5633103848,0.2106642976,0.2106642975,0.4281388566,0.0004062033,0,"[705269,157343,436286,667182]",4.0732593536,0,0.0000000000,4,1
residual_simvq_k4-2_d4-4_rate094-20260727-142121,30,1,0,depth,2,1.0000000000,2,0,1.9955701828,0.0189877499,0.0189877499,0.1377469726,,0,"[65530,57350]",,,,,
residual_simvq_k4-2_d4-4_rate094-20260727-142121,30,1,1,depth,2,1.0000000000,2,0,1.9891623259,0.0079679538,0.0079679539,0.0891825717,,0,"[55041,67839]",,,,,
residual_simvq_k4-2_d4-4_rate094-20260727-142121,30,1,2,depth,2,1.0000000000,2,0,1.9033243656,0.0055040089,0.0055040089,0.0741153020,,0,"[42261,80619]",,,,,
residual_simvq_k4-2_d4-4_rate094-20260727-142121,30,1,3,depth,2,1.0000000000,2,0,1.9315823317,0.0054966499,0.0054966499,0.0740846269,,0,"[45324,77556]",,,,,
residual_simvq_k4-2_d4-4_rate094-20260727-142121,30,1,,aggregate,2,1.0000000000,2,0,1.9766330719,0.0094890906,0.0094890906,0.0740846269,0.0001912725,0,"[208156,283364]",4.7367477417,0,0.0000000000,2,1
residual_simvq_k4-2_d4-4_rate094-20260727-142121,40,0,0,depth,4,1.0000000000,4,0,3.8766028881,0.2700810671,0.2700810671,0.5191067174,,0,"[115882,147838,150762,77038]",,,,,
residual_simvq_k4-2_d4-4_rate094-20260727-142121,40,0,1,depth,4,1.0000000000,4,0,3.1756772995,0.2242883787,0.2242883809,0.4729186535,,0,"[177058,7144,145958,161360]",,,,,
residual_simvq_k4-2_d4-4_rate094-20260727-142121,40,0,2,depth,4,1.0000000000,4,0,2.8055813313,0.2070338078,0.2070338063,0.4543352082,,0,"[203705,31,83446,204338]",,,,,
residual_simvq_k4-2_d4-4_rate094-20260727-142121,40,0,3,depth,4,0.7500000000,3,1,2.7970669270,0.1989390656,0.1989390656,0.4453644007,,0,"[210398,0,82308,198814]",,,,,
residual_simvq_k4-2_d4-4_rate094-20260727-142121,40,0,,aggregate,4,1.0000000000,4,0,3.5748736858,0.2250855798,0.2250855800,0.4453644007,0.0003788622,0,"[707043,155013,462474,641550]",4.0418457985,0,0.0000000000,4,1
residual_simvq_k4-2_d4-4_rate094-20260727-142121,40,1,0,depth,2,1.0000000000,2,0,1.9920527935,0.0196278294,0.0196278294,0.1400341325,,0,"[66919,55961]",,,,,
residual_simvq_k4-2_d4-4_rate094-20260727-142121,40,1,1,depth,2,1.0000000000,2,0,1.9909905195,0.0079949069,0.0079949070,0.0893279050,,0,"[55606,67274]",,,,,
residual_simvq_k4-2_d4-4_rate094-20260727-142121,40,1,2,depth,2,1.0000000000,2,0,1.9105020761,0.0056745983,0.0056745982,0.0752712615,,0,"[42992,79888]",,,,,
residual_simvq_k4-2_d4-4_rate094-20260727-142121,40,1,3,depth,2,1.0000000000,2,0,1.9334110022,0.0054577567,0.0054577567,0.0738387793,,0,"[45542,77338]",,,,,
residual_simvq_k4-2_d4-4_rate094-20260727-142121,40,1,,aggregate,2,1.0000000000,2,0,1.9800957441,0.0096887728,0.0096887728,0.0738387793,0.0001437808,0,"[211059,280461]",4.8561673164,0,0.0000000000,2,1
residual_simvq_k4-2_d4-4_rate094-20260727-142121,50,0,0,depth,4,1.0000000000,4,0,3.9027585983,0.2515782364,0.2515782364,0.5009356856,,0,"[114275,148129,146066,83050]",,,,,
residual_simvq_k4-2_d4-4_rate094-20260727-142121,50,0,1,depth,4,1.0000000000,4,0,3.1971969604,0.2040201433,0.2040201411,0.4509317979,,0,"[179829,8675,138223,164793]",,,,,
residual_simvq_k4-2_d4-4_rate094-20260727-142121,50,0,2,depth,4,1.0000000000,4,0,2.7861738205,0.1862450518,0.1862450510,0.4307930946,,0,"[207462,49,79591,204418]",,,,,
residual_simvq_k4-2_d4-4_rate094-20260727-142121,50,0,3,depth,4,0.7500000000,3,1,2.7603647709,0.1778344169,0.1778344154,0.4209462449,,0,"[212010,0,75466,204044]",,,,,
residual_simvq_k4-2_d4-4_rate094-20260727-142121,50,0,,aggregate,4,1.0000000000,4,0,3.5632758141,0.2049194621,0.2049194610,0.4209462449,0.0004631562,0,"[713576,156853,439346,656305]",4.1016831398,0,0.0000000000,4,1
residual_simvq_k4-2_d4-4_rate094-20260727-142121,50,1,0,depth,2,1.0000000000,2,0,1.9965064526,0.0212767207,0.0212767207,0.1457979165,,0,"[65072,57808]",,,,,
residual_simvq_k4-2_d4-4_rate094-20260727-142121,50,1,1,depth,2,1.0000000000,2,0,1.9883384705,0.0097298998,0.0097298998,0.0985152122,,0,"[54802,68078]",,,,,
residual_simvq_k4-2_d4-4_rate094-20260727-142121,50,1,2,depth,2,1.0000000000,2,0,1.9000055790,0.0066559729,0.0066559729,0.0814539269,,0,"[41932,80948]",,,,,
residual_simvq_k4-2_d4-4_rate094-20260727-142121,50,1,3,depth,2,1.0000000000,2,0,1.9176119566,0.0064764667,0.0064764666,0.0803861920,,0,"[43745,79135]",,,,,
residual_simvq_k4-2_d4-4_rate094-20260727-142121,50,1,,aggregate,2,1.0000000000,2,0,1.9732906818,0.0110347650,0.0110347650,0.0803861920,0.0001417918,0,"[205551,285969]",4.6578292847,0,0.0000000000,2,1
residual_simvq_k4-2_d4-4_rate094-20260727-142121,60,0,0,depth,4,1.0000000000,4,0,3.8396749496,0.1682246588,0.1682246588,0.4097674400,,0,"[113459,157809,148714,71538]",,,,,
residual_simvq_k4-2_d4-4_rate094-20260727-142121,60,0,1,depth,4,1.0000000000,4,0,3.2298266888,0.1092556562,0.1092556581,0.3299970284,,0,"[178591,10524,136221,166184]",,,,,
residual_simvq_k4-2_d4-4_rate094-20260727-142121,60,0,2,depth,4,1.0000000000,4,0,2.7648427486,0.0904387880,0.0904387888,0.3001813844,,0,"[207270,30,75888,208332]",,,,,
residual_simvq_k4-2_d4-4_rate094-20260727-142121,60,0,3,depth,4,0.7500000000,3,1,2.7302618027,0.0830360170,0.0830360174,0.2876587272,,0,"[215191,0,70379,205950]",,,,,
residual_simvq_k4-2_d4-4_rate094-20260727-142121,60,0,,aggregate,4,1.0000000000,4,0,3.5862305164,0.1127387800,0.1127387808,0.2876587272,0.0007693968,0,"[714511,168363,431202,652004]",4.4893889427,0,0.0000000000,4,1
residual_simvq_k4-2_d4-4_rate094-20260727-142121,60,1,0,depth,2,1.0000000000,2,0,1.9985533953,0.0171684806,0.0171684806,0.1309850503,,0,"[63777,59103]",,,,,
residual_simvq_k4-2_d4-4_rate094-20260727-142121,60,1,1,depth,2,1.0000000000,2,0,1.9714152813,0.0069368236,0.0069368236,0.0832336407,,0,"[51040,71840]",,,,,
residual_simvq_k4-2_d4-4_rate094-20260727-142121,60,1,2,depth,2,1.0000000000,2,0,1.8343262672,0.0050417226,0.0050417226,0.0709524322,,0,"[36265,86615]",,,,,
residual_simvq_k4-2_d4-4_rate094-20260727-142121,60,1,3,depth,2,1.0000000000,2,0,1.9122374058,0.0053362835,0.0053362835,0.0730144285,,0,"[43173,79707]",,,,,
residual_simvq_k4-2_d4-4_rate094-20260727-142121,60,1,,aggregate,2,1.0000000000,2,0,1.9562371969,0.0086208276,0.0086208276,0.0730144285,0.0001902005,0,"[194255,297265]",4.7820186615,0,0.0000000000,2,1
residual_simvq_k4-2_d4-4_rate094-20260727-142121,70,0,0,depth,4,1.0000000000,4,0,3.9100828171,0.3000656962,0.3000656962,0.5471668229,,0,"[112956,142932,150166,85466]",,,,,
residual_simvq_k4-2_d4-4_rate094-20260727-142121,70,0,1,depth,4,1.0000000000,4,0,3.1847705841,0.2504022539,0.2504022568,0.4996975556,,0,"[181035,8517,131916,170052]",,,,,
residual_simvq_k4-2_d4-4_rate094-20260727-142121,70,0,2,depth,4,1.0000000000,4,0,2.7541186810,0.2314488724,0.2314488731,0.4803748772,,0,"[209530,56,73807,208127]",,,,,
residual_simvq_k4-2_d4-4_rate094-20260727-142121,70,0,3,depth,4,0.7500000000,3,1,2.7196788788,0.2218744561,0.2218744546,0.4703249753,,0,"[214280,0,68603,208637]",,,,,
residual_simvq_k4-2_d4-4_rate094-20260727-142121,70,0,,aggregate,4,1.0000000000,4,0,3.5370550156,0.2509478197,0.2509478202,0.4703249753,0.0003373441,0,"[717801,151505,424492,672282]",4.0440878868,0,0.0000000000,4,1
residual_simvq_k4-2_d4-4_rate094-20260727-142121,70,1,0,depth,2,1.0000000000,2,0,1.9982178211,0.0153675055,0.0153675055,0.1239325956,,0,"[64034,58846]",,,,,
residual_simvq_k4-2_d4-4_rate094-20260727-142121,70,1,1,depth,2,1.0000000000,2,0,1.9900083542,0.0061650091,0.0061650091,0.0784735650,,0,"[55296,67584]",,,,,
residual_simvq_k4-2_d4-4_rate094-20260727-142121,70,1,2,depth,2,1.0000000000,2,0,1.9133501053,0.0040518277,0.0040518276,0.0636238856,,0,"[43290,79590]",,,,,
residual_simvq_k4-2_d4-4_rate094-20260727-142121,70,1,3,depth,2,1.0000000000,2,0,1.9367840290,0.0041126747,0.0041126747,0.0641011151,,0,"[45952,76928]",,,,,
residual_simvq_k4-2_d4-4_rate094-20260727-142121,70,1,,aggregate,2,1.0000000000,2,0,1.9771461487,0.0074242542,0.0074242542,0.0641011151,0.0000841687,0,"[208572,282948]",4.0995545387,0,0.0000000000,2,1
residual_simvq_k4-2_d4-4_rate094-20260727-142121,80,0,0,depth,4,1.0000000000,4,0,3.9175095558,0.2517545216,0.2517545216,0.5011414081,,0,"[114664,137624,152260,86972]",,,,,
residual_simvq_k4-2_d4-4_rate094-20260727-142121,80,0,1,depth,4,1.0000000000,4,0,3.1251554489,0.2052284651,0.2052284628,0.4523194343,,0,"[185207,6648,121754,177911]",,,,,
residual_simvq_k4-2_d4-4_rate094-20260727-142121,80,0,2,depth,4,1.0000000000,4,0,2.6919009686,0.1886393905,0.1886393912,0.4336107999,,0,"[216969,30,64028,210493]",,,,,
residual_simvq_k4-2_d4-4_rate094-20260727-142121,80,0,3,depth,4,0.7500000000,3,1,2.6627304554,0.1807999633,0.1807999618,0.4245001495,,0,"[218639,0,59948,212933]",,,,,
residual_simvq_k4-2_d4-4_rate094-20260727-142121,80,0,,aggregate,4,1.0000000000,4,0,3.4914741516,0.2066055851,0.2066055844,0.4245001495,0.0003011641,0,"[735479,144302,397990,688309]",3.9834909439,0,0.0000000000,4,1
residual_simvq_k4-2_d4-4_rate094-20260727-142121,80,1,0,depth,2,1.0000000000,2,0,1.9957818985,0.0108922736,0.0108922736,0.1042933170,,0,"[65431,57449]",,,,,
residual_simvq_k4-2_d4-4_rate094-20260727-142121,80,1,1,depth,2,1.0000000000,2,0,1.9910889864,0.0048548077,0.0048548077,0.0695096247,,0,"[55638,67242]",,,,,
residual_simvq_k4-2_d4-4_rate094-20260727-142121,80,1,2,depth,2,1.0000000000,2,0,1.9119316339,0.0034655241,0.0034655241,0.0586840471,,0,"[43141,79739]",,,,,
residual_simvq_k4-2_d4-4_rate094-20260727-142121,80,1,3,depth,2,1.0000000000,2,0,1.9533414841,0.0035134925,0.0035134924,0.0591298746,,0,"[48143,74737]",,,,,
residual_simvq_k4-2_d4-4_rate094-20260727-142121,80,1,,aggregate,2,1.0000000000,2,0,1.9815503359,0.0056815245,0.0056815245,0.0591298746,0.0000671581,0,"[212353,279167]",3.5526831150,0,0.0000000000,2,1
residual_simvq_k4-2_d4-4_rate094-20260727-142121,90,0,0,depth,4,1.0000000000,4,0,3.9245839119,0.2722385325,0.2722385325,0.5211661667,,0,"[122876,132534,150074,86036]",,,,,
residual_simvq_k4-2_d4-4_rate094-20260727-142121,90,0,1,depth,4,1.0000000000,4,0,3.0393214226,0.2255637817,0.2255637832,0.4742785782,,0,"[199088,5484,103087,183861]",,,,,
residual_simvq_k4-2_d4-4_rate094-20260727-142121,90,0,2,depth,4,1.0000000000,4,0,2.6130552292,0.2094378166,0.2094378173,0.4569843084,,0,"[227372,24,53100,211024]",,,,,
residual_simvq_k4-2_d4-4_rate094-20260727-142121,90,0,3,depth,4,0.7500000000,3,1,2.5816385746,0.2015149578,0.2015149556,0.4482595205,,0,"[221923,0,48993,220604]",,,,,
residual_simvq_k4-2_d4-4_rate094-20260727-142121,90,0,,aggregate,4,1.0000000000,4,0,3.4227855206,0.2271887721,0.2271887721,0.4482595205,0.0005870444,0,"[771259,138042,355254,701525]",3.9737050533,0,0.0000000000,4,1
residual_simvq_k4-2_d4-4_rate094-20260727-142121,90,1,0,depth,2,1.0000000000,2,0,1.9995172024,0.0113846805,0.0113846805,0.1064755242,,0,"[62790,60090]",,,,,
residual_simvq_k4-2_d4-4_rate094-20260727-142121,90,1,1,depth,2,1.0000000000,2,0,1.9966623783,0.0060417496,0.0060417496,0.0772751600,,0,"[57890,64990]",,,,,
residual_simvq_k4-2_d4-4_rate094-20260727-142121,90,1,2,depth,2,1.0000000000,2,0,1.9686423540,0.0044917173,0.0044917173,0.0664795313,,0,"[50546,72334]",,,,,
residual_simvq_k4-2_d4-4_rate094-20260727-142121,90,1,3,depth,2,1.0000000000,2,0,1.9852950573,0.0041972706,0.0041972707,0.0642960416,,0,"[53985,68895]",,,,,
residual_simvq_k4-2_d4-4_rate094-20260727-142121,90,1,,aggregate,2,1.0000000000,2,0,1.9930127859,0.0065288545,0.0065288545,0.0642960416,0.0001299750,0,"[225211,266309]",3.3007009029,0,0.0000000000,2,1
residual_simvq_k4-2_d4-4_rate094-20260727-142121,100,0,0,depth,4,1.0000000000,4,0,3.9273395538,0.2453083716,0.2453083716,0.4946109846,,0,"[115257,135886,151108,89269]",,,,,
residual_simvq_k4-2_d4-4_rate094-20260727-142121,100,0,1,depth,4,1.0000000000,4,0,3.0523157120,0.1916071773,0.1916071773,0.4369362220,,0,"[193494,6108,102497,189421]",,,,,
residual_simvq_k4-2_d4-4_rate094-20260727-142121,100,0,2,depth,4,1.0000000000,4,0,2.6202509403,0.1734229848,0.1734229811,0.4156402081,,0,"[223936,35,53858,213691]",,,,,
residual_simvq_k4-2_d4-4_rate094-20260727-142121,100,0,3,depth,4,0.7500000000,3,1,2.5720980167,0.1649970673,0.1649970688,0.4054262802,,0,"[226514,0,47860,217146]",,,,,
residual_simvq_k4-2_d4-4_rate094-20260727-142121,100,0,,aggregate,4,1.0000000000,4,0,3.4358222485,0.1938339002,0.1938338997,0.4054262802,0.0003540292,0,"[759201,142029,355323,709527]",4.3122396469,0,0.0000000000,4,1
residual_simvq_k4-2_d4-4_rate094-20260727-142121,100,1,0,depth,2,1.0000000000,2,0,1.9999568462,0.0089498748,0.0089498748,0.0945722688,,0,"[61844,61036]",,,,,
residual_simvq_k4-2_d4-4_rate094-20260727-142121,100,1,1,depth,2,1.0000000000,2,0,1.9630644321,0.0039724790,0.0039724790,0.0629460732,,0,"[49614,73266]",,,,,
residual_simvq_k4-2_d4-4_rate094-20260727-142121,100,1,2,depth,2,1.0000000000,2,0,1.8691852093,0.0029073772,0.0029073772,0.0538120484,,0,"[39100,83780]",,,,,
residual_simvq_k4-2_d4-4_rate094-20260727-142121,100,1,3,depth,2,1.0000000000,2,0,1.8954504728,0.0032285183,0.0032285183,0.0567376424,,0,"[41489,81391]",,,,,
residual_simvq_k4-2_d4-4_rate094-20260727-142121,100,1,,aggregate,2,1.0000000000,2,0,1.9524192810,0.0047645624,0.0047645623,0.0567376424,0.0000819389,0,"[192047,299473]",3.2703707218,0,0.0000000000,2,1
residual_simvq_k4-2_d4-4_rate094-20260727-142121,110,0,0,depth,4,1.0000000000,4,0,3.9720685482,0.2609777339,0.2609777339,0.5103364617,,0,"[131093,125597,135827,99003]",,,,,
residual_simvq_k4-2_d4-4_rate094-20260727-142121,110,0,1,depth,4,1.0000000000,4,0,2.8839721680,0.2174345039,0.2174345016,0.4657224074,,0,"[204664,4656,74619,207581]",,,,,
residual_simvq_k4-2_d4-4_rate094-20260727-142121,110,0,2,depth,4,1.0000000000,4,0,2.4589371681,0.2023184828,0.2023184821,0.4492225900,,0,"[230620,20,34689,226191]",,,,,
residual_simvq_k4-2_d4-4_rate094-20260727-142121,110,0,3,depth,4,0.7500000000,3,1,2.4106743336,0.1952743500,0.1952743493,0.4413392350,,0,"[221061,0,30021,240438]",,,,,
residual_simvq_k4-2_d4-4_rate094-20260727-142121,110,0,,aggregate,4,1.0000000000,4,0,3.2823042870,0.2190012677,0.2190012667,0.4413392350,0.0002548235,0,"[787438,130273,275156,773213]",3.9534831047,0,0.0000000000,4,1
residual_simvq_k4-2_d4-4_rate094-20260727-142121,110,1,0,depth,2,1.0000000000,2,0,1.9999866486,0.0145397629,0.0145397629,0.1204067789,,0,"[61664,61216]",,,,,
residual_simvq_k4-2_d4-4_rate094-20260727-142121,110,1,1,depth,2,1.0000000000,2,0,1.9768607616,0.0075750259,0.0075750259,0.0866876997,,0,"[52085,70795]",,,,,
residual_simvq_k4-2_d4-4_rate094-20260727-142121,110,1,2,depth,2,1.0000000000,2,0,1.9088860750,0.0056429534,0.0056429534,0.0747125158,,0,"[42825,80055]",,,,,
residual_simvq_k4-2_d4-4_rate094-20260727-142121,110,1,3,depth,2,1.0000000000,2,0,1.9418685436,0.0054936167,0.0054936167,0.0737716928,,0,"[46591,76289]",,,,,
residual_simvq_k4-2_d4-4_rate094-20260727-142121,110,1,,aggregate,2,1.0000000000,2,0,1.9700348377,0.0083128397,0.0083128397,0.0737716928,0.0000589325,0,"[203165,288355]",3.7032802105,0,0.0000000000,2,1
residual_simvq_k4-2_d4-4_rate094-20260727-142121,120,0,0,depth,4,1.0000000000,4,0,3.9847683907,0.2885545321,0.2885545321,0.5366561666,,0,"[139694,117610,123811,110405]",,,,,
residual_simvq_k4-2_d4-4_rate094-20260727-142121,120,0,1,depth,4,1.0000000000,4,0,2.7513484955,0.2424346477,0.2424346469,0.4918095246,,0,"[212401,4179,56465,218475]",,,,,
residual_simvq_k4-2_d4-4_rate094-20260727-142121,120,0,2,depth,4,1.0000000000,4,0,2.3647589684,0.2261198863,0.2261198863,0.4749581620,,0,"[231229,70,25104,235117]",,,,,
residual_simvq_k4-2_d4-4_rate094-20260727-142121,120,0,3,depth,4,1.0000000000,4,0,2.3129656315,0.2179763451,0.2179763444,0.4663327500,,0,"[225890,23,20754,244853]",,,,,
residual_simvq_k4-2_d4-4_rate094-20260727-142121,120,0,,aggregate,4,1.0000000000,4,0,3.1642341614,0.2437713528,0.2437713524,0.4663327500,0.0002744406,0,"[809214,121882,226134,808850]",4.0920581818,0,0.0000000000,4,1
residual_simvq_k4-2_d4-4_rate094-20260727-142121,120,1,0,depth,2,1.0000000000,2,0,1.9996502399,0.0162463115,0.0162463115,0.1272872116,,0,"[62589,60291]",,,,,
residual_simvq_k4-2_d4-4_rate094-20260727-142121,120,1,1,depth,2,1.0000000000,2,0,1.9802479744,0.0080480924,0.0080480925,0.0894024625,,0,"[52798,70082]",,,,,
residual_simvq_k4-2_d4-4_rate094-20260727-142121,120,1,2,depth,2,1.0000000000,2,0,1.9142110348,0.0060543482,0.0060543484,0.0774841521,,0,"[43381,79499]",,,,,
residual_simvq_k4-2_d4-4_rate094-20260727-142121,120,1,3,depth,2,1.0000000000,2,0,1.9524352551,0.0060626362,0.0060626362,0.0776017472,,0,"[48014,74866]",,,,,
residual_simvq_k4-2_d4-4_rate094-20260727-142121,120,1,,aggregate,2,1.0000000000,2,0,1.9748978615,0.0091028471,0.0091028471,0.0776017472,0.0000649207,0,"[206782,284738]",3.9683179855,0,0.0000000000,2,1
residual_simvq_k4-2_d4-4_rate094-20260727-142121,130,0,0,depth,4,1.0000000000,4,0,3.9650058746,0.2648169927,0.2648169927,0.5141359285,,0,"[148825,114273,104543,123879]",,,,,
residual_simvq_k4-2_d4-4_rate094-20260727-142121,130,0,1,depth,4,1.0000000000,4,0,2.4704213142,0.2243018135,0.2243018150,0.4731003180,,0,"[219370,2772,28614,240764]",,,,,
residual_simvq_k4-2_d4-4_rate094-20260727-142121,130,0,2,depth,4,1.0000000000,4,0,2.1705379486,0.2104473867,0.2104473859,0.4582436413,,0,"[228825,185,9198,253312]",,,,,
residual_simvq_k4-2_d4-4_rate094-20260727-142121,130,0,3,depth,4,1.0000000000,4,0,2.1399748325,0.2039600082,0.2039600104,0.4511350036,,0,"[225735,125,7402,258258]",,,,,
residual_simvq_k4-2_d4-4_rate094-20260727-142121,130,0,,aggregate,4,1.0000000000,4,0,2.9715807438,0.2258815503,0.2258815510,0.4511350036,0.0002935068,0,"[822755,117355,149757,876213]",4.3848528862,0,0.0000000000,4,1
residual_simvq_k4-2_d4-4_rate094-20260727-142121,130,1,0,depth,2,1.0000000000,2,0,1.9998860359,0.0160127692,0.0160127692,0.1262956925,,0,"[62096,60784]",,,,,
residual_simvq_k4-2_d4-4_rate094-20260727-142121,130,1,1,depth,2,1.0000000000,2,0,1.9801976681,0.0078801780,0.0078801780,0.0883336276,,0,"[52787,70093]",,,,,
residual_simvq_k4-2_d4-4_rate094-20260727-142121,130,1,2,depth,2,1.0000000000,2,0,1.9242290258,0.0057668801,0.0057668800,0.0754299972,,0,"[44475,78405]",,,,,
residual_simvq_k4-2_d4-4_rate094-20260727-142121,130,1,3,depth,2,1.0000000000,2,0,1.9460840225,0.0059522835,0.0059522835,0.0767518640,,0,"[47142,75738]",,,,,
residual_simvq_k4-2_d4-4_rate094-20260727-142121,130,1,,aggregate,2,1.0000000000,2,0,1.9745340347,0.0089030277,0.0089030277,0.0767518640,0.0000753800,0,"[206500,285020]",3.9589238167,0,0.0000000000,2,1
residual_simvq_k4-2_d4-4_rate094-resume-20260729-113247,140,0,0,depth,4,1.0000000000,4,0,3.9094552994,0.2820922092,0.2820922092,0.5306440234,,0,"[154390,107330,88839,140961]",,,,,
residual_simvq_k4-2_d4-4_rate094-resume-20260729-113247,140,0,1,depth,4,1.0000000000,4,0,2.3096044064,0.2421474300,0.2421474293,0.4915628612,,0,"[224858,1607,16840,248215]",,,,,
residual_simvq_k4-2_d4-4_rate094-resume-20260729-113247,140,0,2,depth,4,1.0000000000,4,0,2.0952475071,0.2280492522,0.2280492492,0.4770262927,,0,"[227296,191,4475,259558]",,,,,
residual_simvq_k4-2_d4-4_rate094-resume-20260729-113247,140,0,3,depth,4,1.0000000000,4,0,2.0701718330,0.2206506029,0.2206506051,0.4692282543,,0,"[232573,124,3052,255771]",,,,,
residual_simvq_k4-2_d4-4_rate094-resume-20260729-113247,140,0,,aggregate,4,1.0000000000,4,0,2.8449695110,0.2432348736,0.2432348732,0.4692282543,0.0003163782,0,"[839117,109252,113206,904505]",4.5263271332,0,0.0000000000,4,1
residual_simvq_k4-2_d4-4_rate094-resume-20260729-113247,140,1,0,depth,2,1.0000000000,2,0,1.9999611378,0.0180680248,0.0180680248,0.1341173951,,0,"[61823,61057]",,,,,
residual_simvq_k4-2_d4-4_rate094-resume-20260729-113247,140,1,1,depth,2,1.0000000000,2,0,1.9837970734,0.0093282094,0.0093282095,0.0960398301,,0,"[53614,69266]",,,,,
residual_simvq_k4-2_d4-4_rate094-resume-20260729-113247,140,1,2,depth,2,1.0000000000,2,0,1.9463541508,0.0068868983,0.0068868983,0.0823654864,,0,"[47178,75702]",,,,,
residual_simvq_k4-2_d4-4_rate094-resume-20260729-113247,140,1,3,depth,2,1.0000000000,2,0,1.9637585878,0.0069831257,0.0069831256,0.0830829892,,0,"[49726,73154]",,,,,
residual_simvq_k4-2_d4-4_rate094-resume-20260729-113247,140,1,,aggregate,2,1.0000000000,2,0,1.9815371037,0.0103165646,0.0103165645,0.0830829892,0.0000827003,0,"[212341,279179]",4.0673861504,0,0.0000000000,2,1
residual_simvq_k4-2_d4-4_rate094-resume-20260729-113247,150,0,0,depth,4,1.0000000000,4,0,3.7513849735,0.2676439799,0.2676439799,0.5168756649,,0,"[175389,68049,94672,153410]",,,,,
residual_simvq_k4-2_d4-4_rate094-resume-20260729-113247,150,0,1,depth,4,1.0000000000,4,0,2.2521255016,0.2258355670,0.2258355670,0.4747096956,,0,"[225132,363,14869,251156]",,,,,
residual_simvq_k4-2_d4-4_rate094-resume-20260729-113247,150,0,2,depth,4,1.0000000000,4,0,2.0583388805,0.2122084215,0.2122084223,0.4601472184,,0,"[209923,55,3504,278038]",,,,,
residual_simvq_k4-2_d4-4_rate094-resume-20260729-113247,150,0,3,depth,4,1.0000000000,4,0,2.0564336777,0.2065198138,0.2065198109,0.4539512232,,0,"[214018,32,3201,274269]",,,,,
residual_simvq_k4-2_d4-4_rate094-resume-20260729-113247,150,0,,aggregate,4,1.0000000000,4,0,2.7158010006,0.2280519456,0.2280519450,0.4539512232,0.0003201557,0,"[824462,68499,116246,956873]",4.7370271683,0,0.0000000000,4,1
residual_simvq_k4-2_d4-4_rate094-resume-20260729-113247,150,1,0,depth,2,1.0000000000,2,0,1.9997905493,0.0204651553,0.0204651553,0.1425891154,,0,"[62329,60551]",,,,,
residual_simvq_k4-2_d4-4_rate094-resume-20260729-113247,150,1,1,depth,2,1.0000000000,2,0,1.9915015697,0.0105620792,0.0105620791,0.1018354479,,0,"[55774,67106]",,,,,
residual_simvq_k4-2_d4-4_rate094-resume-20260729-113247,150,1,2,depth,2,1.0000000000,2,0,1.9592733383,0.0077807711,0.0077807712,0.0870598193,,0,"[49020,73860]",,,,,
residual_simvq_k4-2_d4-4_rate094-resume-20260729-113247,150,1,3,depth,2,1.0000000000,2,0,1.9614530802,0.0080260172,0.0080260172,0.0886478595,,0,"[49358,73522]",,,,,
residual_simvq_k4-2_d4-4_rate094-resume-20260729-113247,150,1,,aggregate,2,1.0000000000,2,0,1.9858232737,0.0117085057,0.0117085057,0.0886478595,0.0000841558,0,"[216481,275039]",4.0795507431,0,0.0000000000,2,1
residual_simvq_k4-2_d4-4_rate094-resume-20260729-113247,160,0,0,depth,4,1.0000000000,4,0,3.6123869419,0.2744778223,0.2744778223,0.5234164000,,0,"[178962,47855,99404,165299]",,,,,
residual_simvq_k4-2_d4-4_rate094-resume-20260729-113247,160,0,1,depth,4,1.0000000000,4,0,2.2146937847,0.2314967938,0.2314967923,0.4806137145,,0,"[203587,81,14225,273627]",,,,,
residual_simvq_k4-2_d4-4_rate094-resume-20260729-113247,160,0,2,depth,4,1.0000000000,4,0,2.0036067963,0.2180834055,0.2180834085,0.4664703175,,0,"[181136,13,3225,307146]",,,,,
residual_simvq_k4-2_d4-4_rate094-resume-20260729-113247,160,0,3,depth,4,1.0000000000,4,0,2.0155458450,0.2130709350,0.2130709372,0.4610934824,,0,"[187008,15,3214,301283]",,,,,
residual_simvq_k4-2_d4-4_rate094-resume-20260729-113247,160,0,,aggregate,4,1.0000000000,4,0,2.6232962608,0.2342822392,0.2342822401,0.4610934824,0.0003182104,0,"[750693,47964,120068,1047355]",5.0072035789,0,0.0000000000,4,1
residual_simvq_k4-2_d4-4_rate094-resume-20260729-113247,160,1,0,depth,2,1.0000000000,2,0,1.9999890327,0.0215383432,0.0215383432,0.1462791786,,0,"[61643,61237]",,,,,
residual_simvq_k4-2_d4-4_rate094-resume-20260729-113247,160,1,1,depth,2,1.0000000000,2,0,1.9967963696,0.0112886759,0.0112886759,0.1053290442,,0,"[57962,64918]",,,,,
residual_simvq_k4-2_d4-4_rate094-resume-20260729-113247,160,1,2,depth,2,1.0000000000,2,0,1.9818873405,0.0082089589,0.0082089589,0.0894755408,,0,"[53165,69715]",,,,,
residual_simvq_k4-2_d4-4_rate094-resume-20260729-113247,160,1,3,depth,2,1.0000000000,2,0,1.9848425388,0.0085579895,0.0085579894,0.0916307155,,0,"[53871,69009]",,,,,
residual_simvq_k4-2_d4-4_rate094-resume-20260729-113247,160,1,,aggregate,2,1.0000000000,2,0,1.9939509630,0.0123984919,0.0123984918,0.0916307155,0.0000893104,0,"[226641,264879]",4.1526379585,0,0.0000000000,2,1
residual_simvq_k4-2_d4-4_rate094-resume-20260729-113247,170,0,0,depth,4,1.0000000000,4,0,3.4875738621,0.2727558225,0.2727558225,0.5217883065,,0,"[188214,36457,98106,168743]",,,,,
residual_simvq_k4-2_d4-4_rate094-resume-20260729-113247,170,0,1,depth,4,1.0000000000,4,0,2.1813378334,0.2284303509,0.2284303509,0.4774339855,,0,"[201476,13,12182,277849]",,,,,
residual_simvq_k4-2_d4-4_rate094-resume-20260729-113247,170,0,2,depth,4,1.0000000000,4,0,1.9685305357,0.2152103469,0.2152103469,0.4634008691,,0,"[169580,4,2819,319117]",,,,,
residual_simvq_k4-2_d4-4_rate094-resume-20260729-113247,170,0,3,depth,4,1.0000000000,4,0,1.9826281071,0.2105883032,0.2105883025,0.4584169224,,0,"[174785,4,2891,313840]",,,,,
residual_simvq_k4-2_d4-4_rate094-resume-20260729-113247,170,0,,aggregate,4,1.0000000000,4,0,2.5547974110,0.2317462059,0.2317462057,0.4584169224,0.0003149537,0,"[734055,36478,115998,1079549]",5.2385177612,0,0.0000000000,4,1
residual_simvq_k4-2_d4-4_rate094-resume-20260729-113247,170,1,0,depth,2,1.0000000000,2,0,1.9996135235,0.0223564484,0.0223564484,0.1491987519,,0,"[60232,62648]",,,,,
residual_simvq_k4-2_d4-4_rate094-resume-20260729-113247,170,1,1,depth,2,1.0000000000,2,0,1.9868998528,0.0113676589,0.0113676589,0.1060112782,,0,"[54404,68476]",,,,,
residual_simvq_k4-2_d4-4_rate094-resume-20260729-113247,170,1,2,depth,2,1.0000000000,2,0,1.9589000940,0.0082122980,0.0082122980,0.0899132866,,0,"[48963,73917]",,,,,
residual_simvq_k4-2_d4-4_rate094-resume-20260729-113247,170,1,3,depth,2,1.0000000000,2,0,1.9657540321,0.0085541898,0.0085541898,0.0919681758,,0,"[50054,72826]",,,,,
residual_simvq_k4-2_d4-4_rate094-resume-20260729-113247,170,1,,aggregate,2,1.0000000000,2,0,1.9829564095,0.0126226488,0.0126226488,0.0919681758,0.0000931691,0,"[213653,277867]",4.3224754333,0,0.0000000000,2,1
residual_simvq_k4-2_d4-4_rate094-resume-20260729-113247,180,0,0,depth,4,1.0000000000,4,0,3.4557411671,0.2891240537,0.2891240537,0.5372662708,,0,"[189413,33869,97553,170685]",,,,,
residual_simvq_k4-2_d4-4_rate094-resume-20260729-113247,180,0,1,depth,4,1.0000000000,4,0,2.1699831486,0.2440225393,0.2440225393,0.4935246021,,0,"[197872,9,11767,281872]",,,,,
residual_simvq_k4-2_d4-4_rate094-resume-20260729-113247,180,0,2,depth,4,1.0000000000,4,0,1.9528256655,0.2305339597,0.2305339597,0.4796825528,,0,"[163863,5,2780,324872]",,,,,
residual_simvq_k4-2_d4-4_rate094-resume-20260729-113247,180,0,3,depth,4,1.0000000000,4,0,1.9639401436,0.2257074997,0.2257074974,0.4746500835,,0,"[167460,2,2869,321189]",,,,,
residual_simvq_k4-2_d4-4_rate094-resume-20260729-113247,180,0,,aggregate,4,1.0000000000,4,0,2.5321996212,0.2473470131,0.2473470125,0.4746500835,0.0002984985,0,"[718608,33885,114969,1098618]",5.2798342705,0,0.0000000000,4,1
residual_simvq_k4-2_d4-4_rate094-resume-20260729-113247,180,1,0,depth,2,1.0000000000,2,0,1.9991794825,0.0221387053,0.0221387053,0.1483565517,,0,"[59680,63200]",,,,,
residual_simvq_k4-2_d4-4_rate094-resume-20260729-113247,180,1,1,depth,2,1.0000000000,2,0,1.9900764227,0.0116496544,0.0116496544,0.1072179213,,0,"[55317,67563]",,,,,
residual_simvq_k4-2_d4-4_rate094-resume-20260729-113247,180,1,2,depth,2,1.0000000000,2,0,1.9753558636,0.0086078046,0.0086078046,0.0919729982,,0,"[51785,71095]",,,,,
residual_simvq_k4-2_d4-4_rate094-resume-20260729-113247,180,1,3,depth,2,1.0000000000,2,0,1.9901088476,0.0088097448,0.0088097447,0.0932283938,,0,"[55327,67553]",,,,,
residual_simvq_k4-2_d4-4_rate094-resume-20260729-113247,180,1,,aggregate,2,1.0000000000,2,0,1.9907457829,0.0128014773,0.0128014772,0.0932283938,0.0001010788,0,"[222109,269411]",4.4928445816,0,0.0000000000,2,1
residual_simvq_k4-2_d4-4_rate094-resume-20260729-113247,190,0,0,depth,4,1.0000000000,4,0,3.4485571384,0.2809211582,0.2809211582,0.5295380384,,0,"[185400,32824,98209,175087]",,,,,
residual_simvq_k4-2_d4-4_rate094-resume-20260729-113247,190,0,1,depth,4,0.7500000000,3,1,2.1312153339,0.2392759487,0.2392759487,0.4886479363,,0,"[188262,0,10255,293003]",,,,,
residual_simvq_k4-2_d4-4_rate094-resume-20260729-113247,190,0,2,depth,4,1.0000000000,4,0,1.9169180393,0.2274804659,0.2274804674,0.4764472112,,0,"[155134,3,2214,334169]",,,,,
residual_simvq_k4-2_d4-4_rate094-resume-20260729-113247,190,0,3,depth,4,1.0000000000,4,0,1.9423770905,0.2234092146,0.2234092154,0.4721816748,,0,"[163262,1,2331,325926]",,,,,
residual_simvq_k4-2_d4-4_rate094-resume-20260729-113247,190,0,,aggregate,4,1.0000000000,4,0,2.5061943531,0.2427716969,0.2427716974,0.4721816748,0.0003085769,0,"[692058,32828,113009,1128185]",5.3526945114,0,0.0000000000,4,1
residual_simvq_k4-2_d4-4_rate094-resume-20260729-113247,190,1,0,depth,2,1.0000000000,2,0,1.9990417957,0.0242157125,0.0242157125,0.1549859531,,0,"[59538,63342]",,,,,
residual_simvq_k4-2_d4-4_rate094-resume-20260729-113247,190,1,1,depth,2,1.0000000000,2,0,1.9922945499,0.0134005262,0.0134005263,0.1146653544,,0,"[56045,66835]",,,,,
residual_simvq_k4-2_d4-4_rate094-resume-20260729-113247,190,1,2,depth,2,1.0000000000,2,0,1.9794970751,0.0100063237,0.0100063237,0.0986994680,,0,"[52635,70245]",,,,,
residual_simvq_k4-2_d4-4_rate094-resume-20260729-113247,190,1,3,depth,2,1.0000000000,2,0,1.9852319956,0.0103861056,0.0103861056,0.1008834112,,0,"[53969,68911]",,,,,
residual_simvq_k4-2_d4-4_rate094-resume-20260729-113247,190,1,,aggregate,2,1.0000000000,2,0,1.9908065796,0.0145021670,0.0145021670,0.1008834112,0.0000939907,0,"[222187,269333]",4.3575472832,0,0.0000000000,2,1
residual_simvq_k4-2_d4-4_rate094-resume-20260729-113247,200,0,0,depth,4,1.0000000000,4,0,3.3088388443,0.2908499107,0.2908499107,0.5387981161,,0,"[194068,22218,98326,176908]",,,,,
residual_simvq_k4-2_d4-4_rate094-resume-20260729-113247,200,0,1,depth,4,0.7500000000,3,1,2.1192400455,0.2465677999,0.2465678014,0.4960218787,,0,"[190968,0,9099,291453]",,,,,
residual_simvq_k4-2_d4-4_rate094-resume-20260729-113247,200,0,2,depth,4,1.0000000000,4,0,1.9065985680,0.2340140760,0.2340140767,0.4832241818,,0,"[151954,1,2186,337379]",,,,,
residual_simvq_k4-2_d4-4_rate094-resume-20260729-113247,200,0,3,depth,4,1.0000000000,4,0,1.8962182999,0.2301701650,0.2301701643,0.4792586476,,0,"[147806,1,2327,341386]",,,,,
residual_simvq_k4-2_d4-4_rate094-resume-20260729-113247,200,0,,aggregate,4,1.0000000000,4,0,2.4486465454,0.2504004879,0.2504004883,0.4792586476,0.0003080723,0,"[684796,22220,111938,1147126]",5.4735445976,0,0.0000000000,4,1
residual_simvq_k4-2_d4-4_rate094-resume-20260729-113247,200,1,0,depth,2,1.0000000000,2,0,1.9975135326,0.0261983572,0.0261983572,0.1609652728,,0,"[58376,64504]",,,,,
residual_simvq_k4-2_d4-4_rate094-resume-20260729-113247,200,1,1,depth,2,1.0000000000,2,0,1.9812436104,0.0149880203,0.0149880202,0.1208650418,,0,"[53019,69861]",,,,,
residual_simvq_k4-2_d4-4_rate094-resume-20260729-113247,200,1,2,depth,2,1.0000000000,2,0,1.9664702415,0.0114879606,0.0114879605,0.1052907024,,0,"[50174,72706]",,,,,
residual_simvq_k4-2_d4-4_rate094-resume-20260729-113247,200,1,3,depth,2,1.0000000000,2,0,1.9682738781,0.0118320821,0.0118320820,0.1072387680,,0,"[50482,72398]",,,,,
residual_simvq_k4-2_d4-4_rate094-resume-20260729-113247,200,1,,aggregate,2,1.0000000000,2,0,1.9812158346,0.0161266050,0.0161266050,0.1072387680,0.0001003851,0,"[212051,279469]",4.5034441948,0,0.0000000000,2,1
