run_id,epoch,branch,layer,codebook_size,active_ratio,active_count,dead_count,perplexity,min_l2_dist,collapse_count,collapse_ratio,distance_reference_count,distance_stats_exact
staged_src64-64_stage1_src_teacher_ch64-128_gpu2-20260626-181756,10,src,0,64,1.0000000000,64,0,48.7355804443,0.8366391063,0,0.0000000000,64,1
staged_src64-64_stage1_src_teacher_ch64-128_gpu2-20260626-181756,10,src,1,64,1.0000000000,64,0,53.4586906433,0.6079773903,0,0.0000000000,64,1
staged_src64-64_stage1_src_teacher_ch64-128_gpu2-20260626-181756,20,src,0,64,1.0000000000,64,0,49.5887145996,1.3971234560,0,0.0000000000,64,1
staged_src64-64_stage1_src_teacher_ch64-128_gpu2-20260626-181756,20,src,1,64,1.0000000000,64,0,56.9769439697,1.1472122669,0,0.0000000000,64,1
staged_src64-64_stage1_src_teacher_ch64-128_gpu2-20260626-181756,30,src,0,64,1.0000000000,64,0,47.1105613708,1.5002610683,0,0.0000000000,64,1
staged_src64-64_stage1_src_teacher_ch64-128_gpu2-20260626-181756,30,src,1,64,1.0000000000,64,0,54.7914505005,1.3121297359,0,0.0000000000,64,1
staged_src64-64_stage1_src_teacher_ch64-128_gpu2-20260626-181756,40,src,0,64,1.0000000000,64,0,48.1256980896,1.5316830873,0,0.0000000000,64,1
staged_src64-64_stage1_src_teacher_ch64-128_gpu2-20260626-181756,40,src,1,64,1.0000000000,64,0,55.9736862183,1.4125503302,0,0.0000000000,64,1
staged_src64-64_stage1_src_teacher_ch64-128_gpu2-20260626-181756,50,src,0,64,1.0000000000,64,0,49.4322891235,1.5787690878,0,0.0000000000,64,1
staged_src64-64_stage1_src_teacher_ch64-128_gpu2-20260626-181756,50,src,1,64,1.0000000000,64,0,57.0492134094,1.4923510551,0,0.0000000000,64,1
staged_src64-64_stage1_src_teacher_ch64-128_gpu2-20260626-181756,60,src,0,64,1.0000000000,64,0,47.2325286865,1.6012544632,0,0.0000000000,64,1
staged_src64-64_stage1_src_teacher_ch64-128_gpu2-20260626-181756,60,src,1,64,1.0000000000,64,0,56.0129013062,1.4725688696,0,0.0000000000,64,1
staged_src64-64_stage1_src_teacher_ch64-128_gpu2-20260626-181756,70,src,0,64,1.0000000000,64,0,47.3933486938,1.6236193180,0,0.0000000000,64,1
staged_src64-64_stage1_src_teacher_ch64-128_gpu2-20260626-181756,70,src,1,64,1.0000000000,64,0,55.2733345032,1.5228501558,0,0.0000000000,64,1
staged_src64-64_stage1_src_teacher_ch64-128_gpu2-20260626-181756,80,src,0,64,1.0000000000,64,0,47.6890068054,1.6602829695,0,0.0000000000,64,1
staged_src64-64_stage1_src_teacher_ch64-128_gpu2-20260626-181756,80,src,1,64,1.0000000000,64,0,55.7458763123,1.4803012609,0,0.0000000000,64,1
staged_src64-64_stage1_src_teacher_ch64-128_gpu2-20260626-181756,90,src,0,64,1.0000000000,64,0,47.2765426636,1.7099477053,0,0.0000000000,64,1
staged_src64-64_stage1_src_teacher_ch64-128_gpu2-20260626-181756,90,src,1,64,1.0000000000,64,0,55.3893356323,1.4583711624,0,0.0000000000,64,1
staged_src64-64_stage1_src_teacher_ch64-128_gpu2-20260626-181756,100,src,0,64,1.0000000000,64,0,47.1306686401,1.7538481951,0,0.0000000000,64,1
staged_src64-64_stage1_src_teacher_ch64-128_gpu2-20260626-181756,100,src,1,64,1.0000000000,64,0,55.6044769287,1.4983510971,0,0.0000000000,64,1
staged_src64-64_stage1_src_teacher_ch64-128_gpu2-20260626-181756,110,src,0,64,1.0000000000,64,0,46.6129150391,1.7460262775,0,0.0000000000,64,1
staged_src64-64_stage1_src_teacher_ch64-128_gpu2-20260626-181756,110,src,1,64,1.0000000000,64,0,55.6897087097,1.5050320625,0,0.0000000000,64,1
staged_src64-64_stage1_src_teacher_ch64-128_gpu2-20260626-181756,120,src,0,64,1.0000000000,64,0,46.8971786499,1.7280112505,0,0.0000000000,64,1
staged_src64-64_stage1_src_teacher_ch64-128_gpu2-20260626-181756,120,src,1,64,1.0000000000,64,0,57.1033172607,1.5338585377,0,0.0000000000,64,1
staged_src64-64_stage1_src_teacher_ch64-128_gpu2-20260626-181756,130,src,0,64,1.0000000000,64,0,46.7120056152,1.7239212990,0,0.0000000000,64,1
staged_src64-64_stage1_src_teacher_ch64-128_gpu2-20260626-181756,130,src,1,64,1.0000000000,64,0,55.6317749023,1.5221349001,0,0.0000000000,64,1
staged_src64-64_stage1_src_teacher_ch64-128_gpu2-20260626-181756,140,src,0,64,1.0000000000,64,0,46.1219749451,1.7168685198,0,0.0000000000,64,1
staged_src64-64_stage1_src_teacher_ch64-128_gpu2-20260626-181756,140,src,1,64,1.0000000000,64,0,55.9883041382,1.5074683428,0,0.0000000000,64,1
staged_src64-64_stage1_src_teacher_ch64-128_gpu2-20260626-181756,150,src,0,64,1.0000000000,64,0,46.0312385559,1.7068010569,0,0.0000000000,64,1
staged_src64-64_stage1_src_teacher_ch64-128_gpu2-20260626-181756,150,src,1,64,1.0000000000,64,0,55.8893318176,1.5202289820,0,0.0000000000,64,1
staged_src64-64_stage1_src_teacher_ch64-128_gpu2-20260626-181756,160,src,0,64,1.0000000000,64,0,45.9180641174,1.7085814476,0,0.0000000000,64,1
staged_src64-64_stage1_src_teacher_ch64-128_gpu2-20260626-181756,160,src,1,64,1.0000000000,64,0,56.2586097717,1.5166012049,0,0.0000000000,64,1
staged_src64-64_stage1_src_teacher_ch64-128_gpu2-20260626-181756,170,src,0,64,1.0000000000,64,0,46.2475891113,1.7066993713,0,0.0000000000,64,1
staged_src64-64_stage1_src_teacher_ch64-128_gpu2-20260626-181756,170,src,1,64,1.0000000000,64,0,56.7006568909,1.5216234922,0,0.0000000000,64,1
staged_src64-64_stage1_src_teacher_ch64-128_gpu2-20260626-181756,180,src,0,64,1.0000000000,64,0,46.1820755005,1.7001019716,0,0.0000000000,64,1
staged_src64-64_stage1_src_teacher_ch64-128_gpu2-20260626-181756,180,src,1,64,1.0000000000,64,0,56.2730979919,1.5090061426,0,0.0000000000,64,1
staged_src64-64_stage1_src_teacher_ch64-128_gpu2-20260626-181756,190,src,0,64,1.0000000000,64,0,46.2338333130,1.6983393431,0,0.0000000000,64,1
staged_src64-64_stage1_src_teacher_ch64-128_gpu2-20260626-181756,190,src,1,64,1.0000000000,64,0,56.7167930603,1.5278481245,0,0.0000000000,64,1
staged_src64-64_stage1_src_teacher_ch64-128_gpu2-20260626-181756,200,src,0,64,1.0000000000,64,0,45.9057273865,1.6844305992,0,0.0000000000,64,1
staged_src64-64_stage1_src_teacher_ch64-128_gpu2-20260626-181756,200,src,1,64,1.0000000000,64,0,56.8553466797,1.5369393826,0,0.0000000000,64,1
