run_id,epoch,train_recon,train_vq,train_distill,train_src_repulsion,val_recon,val_distill,val_src_repulsion,src_repulsion_weight,raq_distill_weight,best_val_recon,is_best,phase,channel_prob,learning_rate
staged_v3_src64-64_stage3_raq_jointlite_ch64-128_gpu1-20260629-230139,1,0.02160189,0.08198563,0.00967043,0.00000000,0.03818989,0.02446917,0.00000000,0,0.25,0.03818989,1,Phase1-拓荒,0.000000,1e-05
staged_v3_src64-64_stage3_raq_jointlite_ch64-128_gpu1-20260629-230139,2,0.02072280,0.08291237,0.00953596,0.00000000,0.03501730,0.02123238,0.00000000,0,0.2484666667,0.03501730,1,Phase1-拓荒,0.000000,1e-05
staged_v3_src64-64_stage3_raq_jointlite_ch64-128_gpu1-20260629-230139,3,0.02064057,0.08191625,0.00938297,0.00000000,0.03820924,0.02369978,0.00000000,0,0.2469333333,0.03501730,0,Phase1-拓荒,0.000000,1e-05
staged_v3_src64-64_stage3_raq_jointlite_ch64-128_gpu1-20260629-230139,4,0.02049012,0.07952507,0.00911540,0.00000000,0.03655698,0.02148053,0.00000000,0,0.2454,0.03501730,0,Phase1-拓荒,0.000000,1e-05
staged_v3_src64-64_stage3_raq_jointlite_ch64-128_gpu1-20260629-230139,5,0.02047493,0.07905153,0.00909122,0.00000000,0.03940718,0.02291695,0.00000000,0,0.2438666667,0.03501730,0,Phase1-拓荒,0.000000,1e-05
staged_v3_src64-64_stage3_raq_jointlite_ch64-128_gpu1-20260629-230139,6,0.02042570,0.07782581,0.00897980,0.00000000,0.04128621,0.02337993,0.00000000,0,0.2423333333,0.03501730,0,Phase1-拓荒,0.000000,1e-05
staged_v3_src64-64_stage3_raq_jointlite_ch64-128_gpu1-20260629-230139,7,0.02017470,0.07673977,0.00884019,0.00000000,0.03694576,0.02138675,0.00000000,0,0.2408,0.03501730,0,Phase1-拓荒,0.000000,1e-05
staged_v3_src64-64_stage3_raq_jointlite_ch64-128_gpu1-20260629-230139,8,0.02000641,0.07624133,0.00872325,0.00000000,0.03641344,0.02084908,0.00000000,0,0.2392666667,0.03501730,0,Phase1-拓荒,0.000000,1e-05
staged_v3_src64-64_stage3_raq_jointlite_ch64-128_gpu1-20260629-230139,9,0.02015878,0.07589517,0.00859408,0.00000000,0.03711428,0.02138077,0.00000000,0,0.2377333333,0.03501730,0,Phase1-拓荒,0.000000,1e-05
staged_v3_src64-64_stage3_raq_jointlite_ch64-128_gpu1-20260629-230139,10,0.01995124,0.07421778,0.00840769,0.00000000,0.03965826,0.02199378,0.00000000,0,0.2362,0.03501730,0,Phase1-拓荒,0.000000,1e-05
staged_v3_src64-64_stage3_raq_jointlite_ch64-128_gpu1-20260629-230139,11,0.01993638,0.07412089,0.00834260,0.00000000,0.03619144,0.01951560,0.00000000,0,0.2346666667,0.03501730,0,Phase1-拓荒,0.000000,1e-05
staged_v3_src64-64_stage3_raq_jointlite_ch64-128_gpu1-20260629-230139,12,0.02002984,0.07394126,0.00827374,0.00000000,0.03596771,0.01950947,0.00000000,0,0.2331333333,0.03501730,0,Phase1-拓荒,0.000000,1e-05
staged_v3_src64-64_stage3_raq_jointlite_ch64-128_gpu1-20260629-230139,13,0.01998035,0.07422838,0.00824127,0.00000000,0.03622122,0.01952708,0.00000000,0,0.2316,0.03501730,0,Phase1-拓荒,0.000000,1e-05
staged_v3_src64-64_stage3_raq_jointlite_ch64-128_gpu1-20260629-230139,14,0.01986387,0.07413402,0.00815506,0.00000000,0.03819106,0.02041694,0.00000000,0,0.2300666667,0.03501730,0,Phase1-拓荒,0.000000,1e-05
staged_v3_src64-64_stage3_raq_jointlite_ch64-128_gpu1-20260629-230139,15,0.01992589,0.07328446,0.00803523,0.00000000,0.03450660,0.01837013,0.00000000,0,0.2285333333,0.03450660,1,Phase1-拓荒,0.000000,1e-05
staged_v3_src64-64_stage3_raq_jointlite_ch64-128_gpu1-20260629-230139,16,0.02423331,0.10386480,0.01232693,0.00000000,0.03569950,0.02199318,0.00000000,0,0.227,0.03450660,0,Phase2-退火(0%),0.000000,1e-05
staged_v3_src64-64_stage3_raq_jointlite_ch64-128_gpu1-20260629-230139,17,0.02381530,0.10358873,0.01232871,0.00000000,0.03628315,0.02206744,0.00000000,0,0.2254666667,0.03450660,0,Phase2-退火(2%),0.000000,1e-05
staged_v3_src64-64_stage3_raq_jointlite_ch64-128_gpu1-20260629-230139,18,0.02365032,0.10342402,0.01216613,0.00000000,0.03689700,0.02205765,0.00000000,0,0.2239333333,0.03450660,0,Phase2-退火(4%),0.000000,1e-05
staged_v3_src64-64_stage3_raq_jointlite_ch64-128_gpu1-20260629-230139,19,0.02343647,0.10344294,0.01212099,0.00000000,0.03685317,0.02300570,0.00000000,0,0.2224,0.03450660,0,Phase2-退火(7%),0.000000,1e-05
staged_v3_src64-64_stage3_raq_jointlite_ch64-128_gpu1-20260629-230139,20,0.02355705,0.10557879,0.01237088,0.00000000,0.03425186,0.02138733,0.00000000,0,0.2208666667,0.03425186,1,Phase2-退火(9%),0.000000,1e-05
staged_v3_src64-64_stage3_raq_jointlite_ch64-128_gpu1-20260629-230139,21,0.02318515,0.10279355,0.01186378,0.00000000,0.03470754,0.02104835,0.00000000,0,0.2193333333,0.03425186,0,Phase2-退火(11%),0.000000,1e-05
staged_v3_src64-64_stage3_raq_jointlite_ch64-128_gpu1-20260629-230139,22,0.02297888,0.10293179,0.01181464,0.00000000,0.03526613,0.02103039,0.00000000,0,0.2178,0.03425186,0,Phase2-退火(13%),0.000000,1e-05
staged_v3_src64-64_stage3_raq_jointlite_ch64-128_gpu1-20260629-230139,23,0.02297261,0.10367033,0.01182809,0.00000000,0.03767942,0.02150445,0.00000000,0,0.2162666667,0.03425186,0,Phase2-退火(16%),0.000000,1e-05
staged_v3_src64-64_stage3_raq_jointlite_ch64-128_gpu1-20260629-230139,24,0.02283813,0.10330927,0.01165760,0.00000000,0.03279452,0.01899800,0.00000000,0,0.2147333333,0.03279452,1,Phase2-退火(18%),0.000000,1e-05
staged_v3_src64-64_stage3_raq_jointlite_ch64-128_gpu1-20260629-230139,25,0.02244067,0.10137670,0.01143938,0.00000000,0.03420184,0.02051942,0.00000000,0,0.2132,0.03279452,0,Phase2-退火(20%),0.000000,1e-05
staged_v3_src64-64_stage3_raq_jointlite_ch64-128_gpu1-20260629-230139,26,0.02233475,0.10029493,0.01123160,0.00000000,0.03211846,0.01911258,0.00000000,0,0.2116666667,0.03211846,1,Phase2-退火(22%),0.000000,1e-05
staged_v3_src64-64_stage3_raq_jointlite_ch64-128_gpu1-20260629-230139,27,0.02248408,0.10248501,0.01145058,0.00000000,0.03496620,0.02103280,0.00000000,0,0.2101333333,0.03211846,0,Phase2-退火(24%),0.000000,1e-05
staged_v3_src64-64_stage3_raq_jointlite_ch64-128_gpu1-20260629-230139,28,0.02234188,0.10195157,0.01128387,0.00000000,0.03540167,0.02059432,0.00000000,0,0.2086,0.03211846,0,Phase2-退火(27%),0.000000,1e-05
staged_v3_src64-64_stage3_raq_jointlite_ch64-128_gpu1-20260629-230139,29,0.02214040,0.10074313,0.01105587,0.00000000,0.03174958,0.01868456,0.00000000,0,0.2070666667,0.03174958,1,Phase2-退火(29%),0.000000,1e-05
staged_v3_src64-64_stage3_raq_jointlite_ch64-128_gpu1-20260629-230139,30,0.02200189,0.10131157,0.01105003,0.00000000,0.03286805,0.01853070,0.00000000,0,0.2055333333,0.03174958,0,Phase2-退火(31%),0.000000,1e-05
staged_v3_src64-64_stage3_raq_jointlite_ch64-128_gpu1-20260629-230139,31,0.02199182,0.10097349,0.01091890,0.00000000,0.03519604,0.02024730,0.00000000,0,0.204,0.03174958,0,Phase2-退火(33%),0.000000,1e-05
staged_v3_src64-64_stage3_raq_jointlite_ch64-128_gpu1-20260629-230139,32,0.02182370,0.10053189,0.01079175,0.00000000,0.03283671,0.01880856,0.00000000,0,0.2024666667,0.03174958,0,Phase2-退火(36%),0.000000,1e-05
staged_v3_src64-64_stage3_raq_jointlite_ch64-128_gpu1-20260629-230139,33,0.02181895,0.10144502,0.01093772,0.00000000,0.03477000,0.01977965,0.00000000,0,0.2009333333,0.03174958,0,Phase2-退火(38%),0.000000,1e-05
staged_v3_src64-64_stage3_raq_jointlite_ch64-128_gpu1-20260629-230139,34,0.02142891,0.09978830,0.01063926,0.00000000,0.03450473,0.01920505,0.00000000,0,0.1994,0.03174958,0,Phase2-退火(40%),0.000000,1e-05
staged_v3_src64-64_stage3_raq_jointlite_ch64-128_gpu1-20260629-230139,35,0.02133919,0.09786796,0.01034930,0.00000000,0.03146993,0.01731233,0.00000000,0,0.1978666667,0.03146993,1,Phase2-退火(42%),0.000000,1e-05
staged_v3_src64-64_stage3_raq_jointlite_ch64-128_gpu1-20260629-230139,36,0.02151081,0.09967213,0.01046799,0.00000000,0.03239483,0.01768782,0.00000000,0,0.1963333333,0.03146993,0,Phase2-退火(44%),0.000000,1e-05
staged_v3_src64-64_stage3_raq_jointlite_ch64-128_gpu1-20260629-230139,37,0.02139399,0.10007756,0.01049127,0.00000000,0.03298823,0.01813064,0.00000000,0,0.1948,0.03146993,0,Phase2-退火(47%),0.000000,1e-05
staged_v3_src64-64_stage3_raq_jointlite_ch64-128_gpu1-20260629-230139,38,0.02119959,0.09732803,0.01012950,0.00000000,0.03335412,0.01928980,0.00000000,0,0.1932666667,0.03146993,0,Phase2-退火(49%),0.000000,1e-05
staged_v3_src64-64_stage3_raq_jointlite_ch64-128_gpu1-20260629-230139,39,0.02083978,0.09682612,0.00996914,0.00000000,0.03166504,0.01696442,0.00000000,0,0.1917333333,0.03146993,0,Phase2-退火(51%),0.000000,1e-05
staged_v3_src64-64_stage3_raq_jointlite_ch64-128_gpu1-20260629-230139,40,0.02106751,0.09902328,0.01024453,0.00000000,0.03347107,0.01773395,0.00000000,0,0.1902,0.03146993,0,Phase2-退火(53%),0.000000,1e-05
staged_v3_src64-64_stage3_raq_jointlite_ch64-128_gpu1-20260629-230139,41,0.02090361,0.09887793,0.01013655,0.00000000,0.03116187,0.01692052,0.00000000,0,0.1886666667,0.03116187,1,Phase2-退火(56%),0.000000,1e-05
staged_v3_src64-64_stage3_raq_jointlite_ch64-128_gpu1-20260629-230139,42,0.02071788,0.09662450,0.00983390,0.00000000,0.03246723,0.01746394,0.00000000,0,0.1871333333,0.03116187,0,Phase2-退火(58%),0.000000,1e-05
staged_v3_src64-64_stage3_raq_jointlite_ch64-128_gpu1-20260629-230139,43,0.02108476,0.10091472,0.01020805,0.00000000,0.03305441,0.01706752,0.00000000,0,0.1856,0.03116187,0,Phase2-退火(60%),0.000000,1e-05
staged_v3_src64-64_stage3_raq_jointlite_ch64-128_gpu1-20260629-230139,44,0.02063744,0.09651393,0.00971681,0.00000000,0.03238876,0.01671118,0.00000000,0,0.1840666667,0.03116187,0,Phase2-退火(62%),0.000000,1e-05
staged_v3_src64-64_stage3_raq_jointlite_ch64-128_gpu1-20260629-230139,45,0.02061300,0.09781970,0.00981987,0.00000000,0.03333800,0.01795990,0.00000000,0,0.1825333333,0.03116187,0,Phase2-退火(64%),0.000000,1e-05
staged_v3_src64-64_stage3_raq_jointlite_ch64-128_gpu1-20260629-230139,46,0.02054392,0.09784851,0.00972918,0.00000000,0.03221337,0.01627116,0.00000000,0,0.181,0.03116187,0,Phase2-退火(67%),0.000000,1e-05
staged_v3_src64-64_stage3_raq_jointlite_ch64-128_gpu1-20260629-230139,47,0.02045196,0.09645689,0.00956776,0.00000000,0.03442665,0.01790480,0.00000000,0,0.1794666667,0.03116187,0,Phase2-退火(69%),0.000000,1e-05
staged_v3_src64-64_stage3_raq_jointlite_ch64-128_gpu1-20260629-230139,48,0.02006632,0.09516509,0.00932517,0.00000000,0.03293638,0.01681074,0.00000000,0,0.1779333333,0.03116187,0,Phase2-退火(71%),0.000000,1e-05
staged_v3_src64-64_stage3_raq_jointlite_ch64-128_gpu1-20260629-230139,49,0.02022752,0.09653767,0.00939284,0.00000000,0.03133418,0.01643760,0.00000000,0,0.1764,0.03116187,0,Phase2-退火(73%),0.000000,1e-05
staged_v3_src64-64_stage3_raq_jointlite_ch64-128_gpu1-20260629-230139,50,0.02013464,0.09660911,0.00936352,0.00000000,0.03363094,0.01734636,0.00000000,0,0.1748666667,0.03116187,0,Phase2-退火(76%),0.000000,1e-05
staged_v3_src64-64_stage3_raq_jointlite_ch64-128_gpu1-20260629-230139,51,0.01981095,0.09476907,0.00913792,0.00000000,0.03434174,0.01721889,0.00000000,0,0.1733333333,0.03116187,0,Phase2-退火(78%),0.000000,1e-05
staged_v3_src64-64_stage3_raq_jointlite_ch64-128_gpu1-20260629-230139,52,0.01995712,0.09691383,0.00928204,0.00000000,0.02952754,0.01460949,0.00000000,0,0.1718,0.02952754,1,Phase2-退火(80%),0.000000,1e-05
staged_v3_src64-64_stage3_raq_jointlite_ch64-128_gpu1-20260629-230139,53,0.01964937,0.09462643,0.00901119,0.00000000,0.03384393,0.01671497,0.00000000,0,0.1702666667,0.02952754,0,Phase2-退火(82%),0.000000,1e-05
staged_v3_src64-64_stage3_raq_jointlite_ch64-128_gpu1-20260629-230139,54,0.01939103,0.09413097,0.00889410,0.00000000,0.03324134,0.01673182,0.00000000,0,0.1687333333,0.02952754,0,Phase2-退火(84%),0.000000,1e-05
staged_v3_src64-64_stage3_raq_jointlite_ch64-128_gpu1-20260629-230139,55,0.01962544,0.09555956,0.00899017,0.00000000,0.03099290,0.01521916,0.00000000,0,0.1672,0.02952754,0,Phase2-退火(87%),0.000000,1e-05
staged_v3_src64-64_stage3_raq_jointlite_ch64-128_gpu1-20260629-230139,56,0.01906746,0.09195320,0.00851717,0.00000000,0.03137239,0.01591338,0.00000000,0,0.1656666667,0.02952754,0,Phase2-退火(89%),0.000000,1e-05
staged_v3_src64-64_stage3_raq_jointlite_ch64-128_gpu1-20260629-230139,57,0.01926460,0.09486880,0.00874713,0.00000000,0.03381281,0.01630388,0.00000000,0,0.1641333333,0.02952754,0,Phase2-退火(91%),0.000000,1e-05
staged_v3_src64-64_stage3_raq_jointlite_ch64-128_gpu1-20260629-230139,58,0.01901196,0.09338159,0.00856561,0.00000000,0.02950211,0.01427369,0.00000000,0,0.1626,0.02950211,1,Phase2-退火(93%),0.000000,1e-05
staged_v3_src64-64_stage3_raq_jointlite_ch64-128_gpu1-20260629-230139,59,0.01902500,0.09442756,0.00859379,0.00000000,0.03231048,0.01571422,0.00000000,0,0.1610666667,0.02950211,0,Phase2-退火(96%),0.000000,1e-05
staged_v3_src64-64_stage3_raq_jointlite_ch64-128_gpu1-20260629-230139,60,0.01900382,0.09537690,0.00863226,0.00000000,0.03177042,0.01493393,0.00000000,0,0.1595333333,0.02950211,0,Phase2-退火(98%),0.000000,1e-05
staged_v3_src64-64_stage3_raq_jointlite_ch64-128_gpu1-20260629-230139,61,0.03142865,0.19507814,0.02023778,0.00000000,0.02785607,0.01763870,0.00000000,0,0.158,0.02785607,1,Phase3-微调,0.000000,1e-05
staged_v3_src64-64_stage3_raq_jointlite_ch64-128_gpu1-20260629-230139,62,0.02908283,0.18676930,0.01883064,0.00000000,0.02952137,0.01845456,0.00000000,0,0.1564666667,0.02785607,0,Phase3-微调,0.000000,1e-05
staged_v3_src64-64_stage3_raq_jointlite_ch64-128_gpu1-20260629-230139,63,0.02976831,0.19728554,0.01952396,0.00000000,0.02992744,0.01971526,0.00000000,0,0.1549333333,0.02785607,0,Phase3-微调,0.000000,1e-05
staged_v3_src64-64_stage3_raq_jointlite_ch64-128_gpu1-20260629-230139,64,0.02802299,0.18118125,0.01770570,0.00000000,0.02873964,0.01895468,0.00000000,0,0.1534,0.02785607,0,Phase3-微调,0.000000,1e-05
staged_v3_src64-64_stage3_raq_jointlite_ch64-128_gpu1-20260629-230139,65,0.02847913,0.18796294,0.01800185,0.00000000,0.03005887,0.01894632,0.00000000,0,0.1518666667,0.02785607,0,Phase3-微调,0.000000,1e-05
staged_v3_src64-64_stage3_raq_jointlite_ch64-128_gpu1-20260629-230139,66,0.02931526,0.19962971,0.01865008,0.00000000,0.02807235,0.01754806,0.00000000,0,0.1503333333,0.02785607,0,Phase3-微调,0.000000,1e-05
staged_v3_src64-64_stage3_raq_jointlite_ch64-128_gpu1-20260629-230139,67,0.02855410,0.19463958,0.01794527,0.00000000,0.02893182,0.01695580,0.00000000,0,0.1488,0.02785607,0,Phase3-微调,0.000000,1e-05
staged_v3_src64-64_stage3_raq_jointlite_ch64-128_gpu1-20260629-230139,68,0.02888644,0.19625107,0.01789753,0.00000000,0.02814861,0.01812619,0.00000000,0,0.1472666667,0.02785607,0,Phase3-微调,0.000000,1e-05
staged_v3_src64-64_stage3_raq_jointlite_ch64-128_gpu1-20260629-230139,69,0.02806687,0.18991904,0.01709024,0.00000000,0.02762796,0.01627494,0.00000000,0,0.1457333333,0.02762796,1,Phase3-微调,0.000000,1e-05
staged_v3_src64-64_stage3_raq_jointlite_ch64-128_gpu1-20260629-230139,70,0.02902711,0.20148492,0.01789794,0.00000000,0.02804769,0.01763566,0.00000000,0,0.1442,0.02762796,0,Phase3-微调,0.000000,1e-05
staged_v3_src64-64_stage3_raq_jointlite_ch64-128_gpu1-20260629-230139,71,0.02919308,0.20424464,0.01793515,0.00000000,0.02815196,0.01736504,0.00000000,0,0.1426666667,0.02762796,0,Phase3-微调,0.000000,1e-05
staged_v3_src64-64_stage3_raq_jointlite_ch64-128_gpu1-20260629-230139,72,0.02826983,0.19633850,0.01689850,0.00000000,0.02717151,0.01659250,0.00000000,0,0.1411333333,0.02717151,1,Phase3-微调,0.000000,1e-05
staged_v3_src64-64_stage3_raq_jointlite_ch64-128_gpu1-20260629-230139,73,0.02869212,0.20031436,0.01706233,0.00000000,0.02800392,0.01652983,0.00000000,0,0.1396,0.02717151,0,Phase3-微调,0.000000,1e-05
staged_v3_src64-64_stage3_raq_jointlite_ch64-128_gpu1-20260629-230139,74,0.02813711,0.19864775,0.01658548,0.00000000,0.02922278,0.01711797,0.00000000,0,0.1380666667,0.02717151,0,Phase3-微调,0.000000,1e-05
staged_v3_src64-64_stage3_raq_jointlite_ch64-128_gpu1-20260629-230139,75,0.02715511,0.18464143,0.01532790,0.00000000,0.02919331,0.01724118,0.00000000,0,0.1365333333,0.02717151,0,Phase3-微调,0.000000,1e-05
staged_v3_src64-64_stage3_raq_jointlite_ch64-128_gpu1-20260629-230139,76,0.02774215,0.19060471,0.01577179,0.00000000,0.02852781,0.01659511,0.00000000,0,0.135,0.02717151,0,Phase3-微调,0.000000,1e-05
staged_v3_src64-64_stage3_raq_jointlite_ch64-128_gpu1-20260629-230139,77,0.02812780,0.19583223,0.01592013,0.00000000,0.02811198,0.01566419,0.00000000,0,0.1334666667,0.02717151,0,Phase3-微调,0.000000,1e-05
staged_v3_src64-64_stage3_raq_jointlite_ch64-128_gpu1-20260629-230139,78,0.02823413,0.19935544,0.01590896,0.00000000,0.02811267,0.01600789,0.00000000,0,0.1319333333,0.02717151,0,Phase3-微调,0.000000,1e-05
staged_v3_src64-64_stage3_raq_jointlite_ch64-128_gpu1-20260629-230139,79,0.02767781,0.19400366,0.01534997,0.00000000,0.02761788,0.01410871,0.00000000,0,0.1304,0.02717151,0,Phase3-微调,0.000000,1e-05
staged_v3_src64-64_stage3_raq_jointlite_ch64-128_gpu1-20260629-230139,80,0.02744396,0.18772826,0.01474540,0.00000000,0.02856274,0.01609508,0.00000000,0,0.1288666667,0.02717151,0,Phase3-微调,0.000000,1e-05
staged_v3_src64-64_stage3_raq_jointlite_ch64-128_gpu1-20260629-230139,81,0.02721453,0.18765891,0.01453771,0.00000000,0.02771616,0.01528792,0.00000000,0,0.1273333333,0.02717151,0,Phase3-微调,0.000000,1e-05
staged_v3_src64-64_stage3_raq_jointlite_ch64-128_gpu1-20260629-230139,82,0.02735457,0.18945996,0.01450313,0.00000000,0.02756817,0.01478962,0.00000000,0,0.1258,0.02717151,0,Phase3-微调,0.000000,1e-05
staged_v3_src64-64_stage3_raq_jointlite_ch64-128_gpu1-20260629-230139,83,0.02779830,0.19336302,0.01465796,0.00000000,0.02718430,0.01462544,0.00000000,0,0.1242666667,0.02717151,0,Phase3-微调,0.000000,1e-05
staged_v3_src64-64_stage3_raq_jointlite_ch64-128_gpu1-20260629-230139,84,0.02742917,0.19077812,0.01421767,0.00000000,0.02688192,0.01457902,0.00000000,0,0.1227333333,0.02688192,1,Phase3-微调,0.000000,1e-05
staged_v3_src64-64_stage3_raq_jointlite_ch64-128_gpu1-20260629-230139,85,0.02786721,0.19527188,0.01439673,0.00000000,0.02699184,0.01302024,0.00000000,0,0.1212,0.02688192,0,Phase3-微调,0.000000,1e-05
staged_v3_src64-64_stage3_raq_jointlite_ch64-128_gpu1-20260629-230139,86,0.02805131,0.19665134,0.01435376,0.00000000,0.02733528,0.01377688,0.00000000,0,0.1196666667,0.02688192,0,Phase3-微调,0.000000,1e-05
staged_v3_src64-64_stage3_raq_jointlite_ch64-128_gpu1-20260629-230139,87,0.02782693,0.19619622,0.01407915,0.00000000,0.02816630,0.01425254,0.00000000,0,0.1181333333,0.02688192,0,Phase3-微调,0.000000,1e-05
staged_v3_src64-64_stage3_raq_jointlite_ch64-128_gpu1-20260629-230139,88,0.02761714,0.19299344,0.01371818,0.00000000,0.02929346,0.01525419,0.00000000,0,0.1166,0.02688192,0,Phase3-微调,0.000000,1e-05
staged_v3_src64-64_stage3_raq_jointlite_ch64-128_gpu1-20260629-230139,89,0.02687964,0.18719446,0.01298226,0.00000000,0.02838561,0.01329120,0.00000000,0,0.1150666667,0.02688192,0,Phase3-微调,0.000000,1e-05
staged_v3_src64-64_stage3_raq_jointlite_ch64-128_gpu1-20260629-230139,90,0.02770651,0.19347606,0.01337010,0.00000000,0.02798502,0.01408988,0.00000000,0,0.1135333333,0.02688192,0,Phase3-微调,0.000000,1e-05
staged_v3_src64-64_stage3_raq_jointlite_ch64-128_gpu1-20260629-230139,91,0.02799515,0.19841926,0.01348505,0.00000000,0.02875115,0.01469530,0.00000000,0,0.112,0.02688192,0,Phase3-微调,0.000000,1e-05
staged_v3_src64-64_stage3_raq_jointlite_ch64-128_gpu1-20260629-230139,92,0.02748474,0.19105051,0.01288922,0.00000000,0.02785390,0.01281521,0.00000000,0,0.1104666667,0.02688192,0,Phase3-微调,0.000000,1e-05
staged_v3_src64-64_stage3_raq_jointlite_ch64-128_gpu1-20260629-230139,93,0.02779056,0.19737636,0.01303411,0.00000000,0.02826510,0.01285320,0.00000000,0,0.1089333333,0.02688192,0,Phase3-微调,0.000000,1e-05
staged_v3_src64-64_stage3_raq_jointlite_ch64-128_gpu1-20260629-230139,94,0.02772867,0.19740208,0.01280023,0.00000000,0.02591345,0.01159601,0.00000000,0,0.1074,0.02591345,1,Phase3-微调,0.000000,1e-05
staged_v3_src64-64_stage3_raq_jointlite_ch64-128_gpu1-20260629-230139,95,0.02653605,0.18323592,0.01177963,0.00000000,0.02742488,0.01242712,0.00000000,0,0.1058666667,0.02591345,0,Phase3-微调,0.000000,1e-05
staged_v3_src64-64_stage3_raq_jointlite_ch64-128_gpu1-20260629-230139,96,0.02629479,0.17997868,0.01146242,0.00000000,0.02669761,0.01127408,0.00000000,0,0.1043333333,0.02591345,0,Phase3-微调,0.000000,1e-05
staged_v3_src64-64_stage3_raq_jointlite_ch64-128_gpu1-20260629-230139,97,0.02688535,0.18586391,0.01170098,0.00000000,0.02709072,0.01174113,0.00000000,0,0.1028,0.02591345,0,Phase3-微调,0.000000,1e-05
staged_v3_src64-64_stage3_raq_jointlite_ch64-128_gpu1-20260629-230139,98,0.02689282,0.18920450,0.01158756,0.00000000,0.02590818,0.01095590,0.00000000,0,0.1012666667,0.02590818,1,Phase3-微调,0.000000,1e-05
staged_v3_src64-64_stage3_raq_jointlite_ch64-128_gpu1-20260629-230139,99,0.02678926,0.18637429,0.01133038,0.00000000,0.02792469,0.01127199,0.00000000,0,0.09973333333,0.02590818,0,Phase3-微调,0.000000,1e-05
staged_v3_src64-64_stage3_raq_jointlite_ch64-128_gpu1-20260629-230139,100,0.02668489,0.18676781,0.01113934,0.00000000,0.02802939,0.01144704,0.00000000,0,0.0982,0.02590818,0,Phase3-微调,0.000000,5e-06
staged_v3_src64-64_stage3_raq_jointlite_ch64-128_gpu1-20260629-230139,101,0.02776624,0.19940564,0.01171686,0.00000000,0.02696988,0.01128392,0.00000000,0,0.09666666667,0.02590818,0,Phase3-微调,0.000000,5e-06
staged_v3_src64-64_stage3_raq_jointlite_ch64-128_gpu1-20260629-230139,102,0.02672783,0.18654106,0.01082059,0.00000000,0.02648039,0.01110305,0.00000000,0,0.09513333333,0.02590818,0,Phase3-微调,0.000000,5e-06
staged_v3_src64-64_stage3_raq_jointlite_ch64-128_gpu1-20260629-230139,103,0.02689536,0.19198737,0.01089611,0.00000000,0.02658079,0.00999498,0.00000000,0,0.0936,0.02590818,0,Phase3-微调,0.000000,5e-06
staged_v3_src64-64_stage3_raq_jointlite_ch64-128_gpu1-20260629-230139,104,0.02596424,0.18004900,0.01007130,0.00000000,0.02807764,0.01074788,0.00000000,0,0.09206666667,0.02590818,0,Phase3-微调,0.000000,5e-06
staged_v3_src64-64_stage3_raq_jointlite_ch64-128_gpu1-20260629-230139,105,0.02655798,0.18373309,0.01020579,0.00000000,0.02799893,0.01128424,0.00000000,0,0.09053333333,0.02590818,0,Phase3-微调,0.000000,5e-06
staged_v3_src64-64_stage3_raq_jointlite_ch64-128_gpu1-20260629-230139,106,0.02695359,0.19105328,0.01036987,0.00000000,0.02756864,0.01059127,0.00000000,0,0.089,0.02590818,0,Phase3-微调,0.000000,5e-06
staged_v3_src64-64_stage3_raq_jointlite_ch64-128_gpu1-20260629-230139,107,0.02625328,0.18122609,0.00970106,0.00000000,0.02767529,0.01018379,0.00000000,0,0.08746666667,0.02590818,0,Phase3-微调,0.000000,5e-06
staged_v3_src64-64_stage3_raq_jointlite_ch64-128_gpu1-20260629-230139,108,0.02744227,0.19826285,0.01037284,0.00000000,0.02690643,0.00995773,0.00000000,0,0.08593333333,0.02590818,0,Phase3-微调,0.000000,5e-06
staged_v3_src64-64_stage3_raq_jointlite_ch64-128_gpu1-20260629-230139,109,0.02601600,0.17801256,0.00924784,0.00000000,0.02731288,0.00958318,0.00000000,0,0.0844,0.02590818,0,Phase3-微调,0.000000,5e-06
staged_v3_src64-64_stage3_raq_jointlite_ch64-128_gpu1-20260629-230139,110,0.02661741,0.18682566,0.00948767,0.00000000,0.02704892,0.00938228,0.00000000,0,0.08286666667,0.02590818,0,Phase3-微调,0.000000,5e-06
staged_v3_src64-64_stage3_raq_jointlite_ch64-128_gpu1-20260629-230139,111,0.02666752,0.18594805,0.00930654,0.00000000,0.02774717,0.01023568,0.00000000,0,0.08133333333,0.02590818,0,Phase3-微调,0.000000,5e-06
staged_v3_src64-64_stage3_raq_jointlite_ch64-128_gpu1-20260629-230139,112,0.02784336,0.20403451,0.00985846,0.00000000,0.02681825,0.00913047,0.00000000,0,0.0798,0.02590818,0,Phase3-微调,0.000000,5e-06
staged_v3_src64-64_stage3_raq_jointlite_ch64-128_gpu1-20260629-230139,113,0.02707598,0.19228860,0.00925987,0.00000000,0.02631670,0.00920185,0.00000000,0,0.07826666667,0.02590818,0,Phase3-微调,0.000000,5e-06
staged_v3_src64-64_stage3_raq_jointlite_ch64-128_gpu1-20260629-230139,114,0.02680069,0.18900105,0.00885607,0.00000000,0.02647215,0.00874669,0.00000000,0,0.07673333333,0.02590818,0,Phase3-微调,0.000000,5e-06
staged_v3_src64-64_stage3_raq_jointlite_ch64-128_gpu1-20260629-230139,115,0.02690867,0.18935583,0.00876948,0.00000000,0.02649412,0.00915731,0.00000000,0,0.0752,0.02590818,0,Phase3-微调,0.000000,5e-06
staged_v3_src64-64_stage3_raq_jointlite_ch64-128_gpu1-20260629-230139,116,0.02700164,0.19387911,0.00876291,0.00000000,0.02467980,0.00757154,0.00000000,0,0.07366666667,0.02467980,1,Phase3-微调,0.000000,5e-06
staged_v3_src64-64_stage3_raq_jointlite_ch64-128_gpu1-20260629-230139,117,0.02715653,0.19350146,0.00859660,0.00000000,0.02640898,0.00828605,0.00000000,0,0.07213333333,0.02467980,0,Phase3-微调,0.000000,5e-06
staged_v3_src64-64_stage3_raq_jointlite_ch64-128_gpu1-20260629-230139,118,0.02698231,0.19193152,0.00832280,0.00000000,0.02668762,0.00788561,0.00000000,0,0.0706,0.02467980,0,Phase3-微调,0.000000,5e-06
staged_v3_src64-64_stage3_raq_jointlite_ch64-128_gpu1-20260629-230139,119,0.02717876,0.19123899,0.00820188,0.00000000,0.02725687,0.00862474,0.00000000,0,0.06906666667,0.02467980,0,Phase3-微调,0.000000,5e-06
staged_v3_src64-64_stage3_raq_jointlite_ch64-128_gpu1-20260629-230139,120,0.02682844,0.19113249,0.00796944,0.00000000,0.02578367,0.00742565,0.00000000,0,0.06753333333,0.02467980,0,Phase3-微调,0.000000,5e-06
staged_v3_src64-64_stage3_raq_jointlite_ch64-128_gpu1-20260629-230139,121,0.02639962,0.18381757,0.00752736,0.00000000,0.02461652,0.00695984,0.00000000,0,0.066,0.02461652,1,Phase3-微调,0.000000,5e-06
staged_v3_src64-64_stage3_raq_jointlite_ch64-128_gpu1-20260629-230139,122,0.02681184,0.18874198,0.00753862,0.00000000,0.02707243,0.00732993,0.00000000,0,0.06446666667,0.02461652,0,Phase3-微调,0.000000,5e-06
staged_v3_src64-64_stage3_raq_jointlite_ch64-128_gpu1-20260629-230139,123,0.02598028,0.17688670,0.00696035,0.00000000,0.02536555,0.00693414,0.00000000,0,0.06293333333,0.02461652,0,Phase3-微调,0.000000,5e-06
staged_v3_src64-64_stage3_raq_jointlite_ch64-128_gpu1-20260629-230139,124,0.02690578,0.19004882,0.00723502,0.00000000,0.02579873,0.00676366,0.00000000,0,0.0614,0.02461652,0,Phase3-微调,0.000000,5e-06
staged_v3_src64-64_stage3_raq_jointlite_ch64-128_gpu1-20260629-230139,125,0.02598506,0.17972441,0.00665779,0.00000000,0.02677226,0.00683243,0.00000000,0,0.05986666667,0.02461652,0,Phase3-微调,0.000000,5e-06
staged_v3_src64-64_stage3_raq_jointlite_ch64-128_gpu1-20260629-230139,126,0.02696774,0.19012955,0.00690971,0.00000000,0.02689126,0.00674245,0.00000000,0,0.05833333333,0.02461652,0,Phase3-微调,0.000000,5e-06
staged_v3_src64-64_stage3_raq_jointlite_ch64-128_gpu1-20260629-230139,127,0.02638145,0.18073081,0.00645867,0.00000000,0.02632448,0.00644409,0.00000000,0,0.0568,0.02461652,0,Phase3-微调,0.000000,5e-06
staged_v3_src64-64_stage3_raq_jointlite_ch64-128_gpu1-20260629-230139,128,0.02669861,0.18958141,0.00653787,0.00000000,0.02799861,0.00677108,0.00000000,0,0.05526666667,0.02461652,0,Phase3-微调,0.000000,5e-06
staged_v3_src64-64_stage3_raq_jointlite_ch64-128_gpu1-20260629-230139,129,0.02569136,0.17489693,0.00590084,0.00000000,0.02814504,0.00644780,0.00000000,0,0.05373333333,0.02461652,0,Phase3-微调,0.000000,5e-06
staged_v3_src64-64_stage3_raq_jointlite_ch64-128_gpu1-20260629-230139,130,0.02629038,0.18040084,0.00593697,0.00000000,0.02708295,0.00633995,0.00000000,0,0.0522,0.02461652,0,Phase3-微调,0.000000,5e-06
staged_v3_src64-64_stage3_raq_jointlite_ch64-128_gpu1-20260629-230139,131,0.02703238,0.19004178,0.00604379,0.00000000,0.02627764,0.00604610,0.00000000,0,0.05066666667,0.02461652,0,Phase3-微调,0.000000,5e-06
staged_v3_src64-64_stage3_raq_jointlite_ch64-128_gpu1-20260629-230139,132,0.02620911,0.18306771,0.00560454,0.00000000,0.02681864,0.00558495,0.00000000,0,0.04913333333,0.02461652,0,Phase3-微调,0.000000,5e-06
staged_v3_src64-64_stage3_raq_jointlite_ch64-128_gpu1-20260629-230139,133,0.02670927,0.18537136,0.00555234,0.00000000,0.02752655,0.00575803,0.00000000,0,0.0476,0.02461652,0,Phase3-微调,0.000000,5e-06
staged_v3_src64-64_stage3_raq_jointlite_ch64-128_gpu1-20260629-230139,134,0.02619241,0.18019525,0.00525440,0.00000000,0.02610004,0.00541706,0.00000000,0,0.04606666667,0.02461652,0,Phase3-微调,0.000000,5e-06
staged_v3_src64-64_stage3_raq_jointlite_ch64-128_gpu1-20260629-230139,135,0.02631158,0.18281129,0.00515291,0.00000000,0.02761067,0.00523449,0.00000000,0,0.04453333333,0.02461652,0,Phase3-微调,0.000000,5e-06
staged_v3_src64-64_stage3_raq_jointlite_ch64-128_gpu1-20260629-230139,136,0.02643026,0.18371591,0.00498486,0.00000000,0.02618109,0.00481055,0.00000000,0,0.043,0.02461652,0,Phase3-微调,0.000000,5e-06
staged_v3_src64-64_stage3_raq_jointlite_ch64-128_gpu1-20260629-230139,137,0.02627577,0.17759231,0.00471454,0.00000000,0.02614624,0.00499012,0.00000000,0,0.04146666667,0.02461652,0,Phase3-微调,0.000000,5e-06
staged_v3_src64-64_stage3_raq_jointlite_ch64-128_gpu1-20260629-230139,138,0.02594532,0.17587444,0.00447262,0.00000000,0.02697481,0.00474171,0.00000000,0,0.03993333333,0.02461652,0,Phase3-微调,0.000000,5e-06
staged_v3_src64-64_stage3_raq_jointlite_ch64-128_gpu1-20260629-230139,139,0.02635861,0.18268773,0.00447336,0.00000000,0.02729710,0.00446196,0.00000000,0,0.0384,0.02461652,0,Phase3-微调,0.000000,5e-06
staged_v3_src64-64_stage3_raq_jointlite_ch64-128_gpu1-20260629-230139,140,0.02602037,0.17780596,0.00418784,0.00000000,0.02501489,0.00386464,0.00000000,0,0.03686666667,0.02461652,0,Phase3-微调,0.000000,5e-06
staged_v3_src64-64_stage3_raq_jointlite_ch64-128_gpu1-20260629-230139,141,0.02696629,0.18754877,0.00424464,0.00000000,0.02660362,0.00417895,0.00000000,0,0.03533333333,0.02461652,0,Phase3-微调,0.000000,5e-06
staged_v3_src64-64_stage3_raq_jointlite_ch64-128_gpu1-20260629-230139,142,0.02680408,0.18610146,0.00404380,0.00000000,0.02628512,0.00380368,0.00000000,0,0.0338,0.02461652,0,Phase3-微调,0.000000,5e-06
staged_v3_src64-64_stage3_raq_jointlite_ch64-128_gpu1-20260629-230139,143,0.02686174,0.18568024,0.00384982,0.00000000,0.02565302,0.00378418,0.00000000,0,0.03226666667,0.02461652,0,Phase3-微调,0.000000,5e-06
staged_v3_src64-64_stage3_raq_jointlite_ch64-128_gpu1-20260629-230139,144,0.02681839,0.18532055,0.00366382,0.00000000,0.02616932,0.00336300,0.00000000,0,0.03073333333,0.02461652,0,Phase3-微调,0.000000,5e-06
staged_v3_src64-64_stage3_raq_jointlite_ch64-128_gpu1-20260629-230139,145,0.02605140,0.17924502,0.00337474,0.00000000,0.02655280,0.00331401,0.00000000,0,0.0292,0.02461652,0,Phase3-微调,0.000000,5e-06
staged_v3_src64-64_stage3_raq_jointlite_ch64-128_gpu1-20260629-230139,146,0.02596398,0.17773132,0.00316416,0.00000000,0.02715028,0.00314408,0.00000000,0,0.02766666667,0.02461652,0,Phase3-微调,0.000000,5e-06
staged_v3_src64-64_stage3_raq_jointlite_ch64-128_gpu1-20260629-230139,147,0.02558385,0.17009459,0.00288693,0.00000000,0.02549507,0.00288757,0.00000000,0,0.02613333333,0.02461652,0,Phase3-微调,0.000000,5e-06
staged_v3_src64-64_stage3_raq_jointlite_ch64-128_gpu1-20260629-230139,148,0.02639535,0.18254676,0.00289219,0.00000000,0.02656994,0.00284958,0.00000000,0,0.0246,0.02461652,0,Phase3-微调,0.000000,5e-06
staged_v3_src64-64_stage3_raq_jointlite_ch64-128_gpu1-20260629-230139,149,0.02583313,0.17313436,0.00259988,0.00000000,0.02573028,0.00263763,0.00000000,0,0.02306666667,0.02461652,0,Phase3-微调,0.000000,5e-06
staged_v3_src64-64_stage3_raq_jointlite_ch64-128_gpu1-20260629-230139,150,0.02615525,0.17873266,0.00249583,0.00000000,0.02594488,0.00250404,0.00000000,0,0.02153333333,0.02461652,0,Phase3-微调,0.000000,5e-06
