run_id,epoch,train_recon,train_vq,train_distill,train_src_repulsion,val_recon,val_distill,val_src_repulsion,src_repulsion_weight,best_val_recon,is_best,phase,channel_prob,learning_rate
src64-64_raq2-64_distill_srcrep_ch64-128_gpu3-20260625-115112,1,0.28926805,1.12920428,0.16899699,0.00000000,0.14614367,0.08801598,0.00000000,0,0.14614367,1,Phase1-拓荒,0.000000,5e-05
src64-64_raq2-64_distill_srcrep_ch64-128_gpu3-20260625-115112,2,0.14852574,0.48297790,0.06583404,0.00000000,0.11019136,0.04115299,0.00000000,0,0.11019136,1,Phase1-拓荒,0.000000,5e-05
src64-64_raq2-64_distill_srcrep_ch64-128_gpu3-20260625-115112,3,0.12104977,0.31484875,0.04015828,0.00000000,0.10020692,0.02890406,0.00000000,0,0.10020692,1,Phase1-拓荒,0.000000,5e-05
src64-64_raq2-64_distill_srcrep_ch64-128_gpu3-20260625-115112,4,0.11090308,0.28459986,0.03521714,0.00000000,0.09143053,0.02794561,0.00000000,0,0.09143053,1,Phase1-拓荒,0.000000,5e-05
src64-64_raq2-64_distill_srcrep_ch64-128_gpu3-20260625-115112,5,0.10342388,0.25675563,0.03293034,0.00000000,0.08898846,0.02846961,0.00000000,0,0.08898846,1,Phase1-拓荒,0.000000,5e-05
src64-64_raq2-64_distill_srcrep_ch64-128_gpu3-20260625-115112,6,0.10011127,0.25647855,0.03323487,0.00000000,0.08559298,0.02761602,0.00000000,0,0.08559298,1,Phase1-拓荒,0.000000,5e-05
src64-64_raq2-64_distill_srcrep_ch64-128_gpu3-20260625-115112,7,0.09425945,0.23825344,0.03102466,0.00000050,0.08067490,0.02867148,0.00000051,3.333333333e-05,0.08067490,1,Phase1-拓荒,0.000000,5e-05
src64-64_raq2-64_distill_srcrep_ch64-128_gpu3-20260625-115112,8,0.09090403,0.23206860,0.03048979,0.00000104,0.07997044,0.02797744,0.00000105,6.666666667e-05,0.07997044,1,Phase1-拓荒,0.000000,5e-05
src64-64_raq2-64_distill_srcrep_ch64-128_gpu3-20260625-115112,9,0.08788572,0.22576376,0.02968965,0.00000160,0.07471491,0.02547530,0.00000161,0.0001,0.07471491,1,Phase1-拓荒,0.000000,5e-05
src64-64_raq2-64_distill_srcrep_ch64-128_gpu3-20260625-115112,10,0.08626352,0.22149315,0.02959837,0.00000214,0.07327974,0.02739220,0.00000215,0.0001333333333,0.07327974,1,Phase1-拓荒,0.000000,5e-05
src64-64_raq2-64_distill_srcrep_ch64-128_gpu3-20260625-115112,11,0.08293210,0.21341766,0.02821307,0.00000271,0.07381220,0.02630841,0.00000273,0.0001666666667,0.07327974,0,Phase1-拓荒,0.000000,5e-05
src64-64_raq2-64_distill_srcrep_ch64-128_gpu3-20260625-115112,12,0.08233080,0.21559218,0.02907966,0.00000341,0.07205355,0.02654216,0.00000376,0.0002,0.07205355,1,Phase1-拓荒,0.000000,5e-05
src64-64_raq2-64_distill_srcrep_ch64-128_gpu3-20260625-115112,13,0.07801316,0.19903653,0.02627896,0.00000455,0.06634796,0.02330289,0.00000449,0.0002333333333,0.06634796,1,Phase1-拓荒,0.000000,5e-05
src64-64_raq2-64_distill_srcrep_ch64-128_gpu3-20260625-115112,14,0.07736123,0.19862889,0.02720813,0.00000510,0.06975100,0.02416780,0.00000509,0.0002666666667,0.06634796,0,Phase1-拓荒,0.000000,5e-05
src64-64_raq2-64_distill_srcrep_ch64-128_gpu3-20260625-115112,15,0.07579129,0.19455705,0.02704113,0.00000569,0.06607701,0.02343085,0.00000564,0.0003,0.06607701,1,Phase1-拓荒,0.000000,5e-05
src64-64_raq2-64_distill_srcrep_ch64-128_gpu3-20260625-115112,16,0.07445768,0.18766120,0.02577959,0.00000621,0.06297468,0.02192363,0.00000613,0.0003333333333,0.06297468,1,Phase1-拓荒,0.000000,5e-05
src64-64_raq2-64_distill_srcrep_ch64-128_gpu3-20260625-115112,17,0.07324572,0.18449402,0.02576347,0.00000667,0.06172729,0.02221424,0.00000661,0.0003666666667,0.06172729,1,Phase1-拓荒,0.000000,5e-05
src64-64_raq2-64_distill_srcrep_ch64-128_gpu3-20260625-115112,18,0.07176678,0.17871318,0.02502595,0.00000715,0.06304188,0.02277406,0.00000713,0.0004,0.06172729,0,Phase1-拓荒,0.000000,5e-05
src64-64_raq2-64_distill_srcrep_ch64-128_gpu3-20260625-115112,19,0.07054058,0.17654003,0.02549724,0.00000816,0.06632237,0.02436557,0.00000890,0.0004333333333,0.06172729,0,Phase1-拓荒,0.000000,5e-05
src64-64_raq2-64_distill_srcrep_ch64-128_gpu3-20260625-115112,20,0.07009291,0.17678098,0.02529423,0.00000958,0.05916190,0.02188264,0.00000959,0.0004666666667,0.05916190,1,Phase1-拓荒,0.000000,5e-05
src64-64_raq2-64_distill_srcrep_ch64-128_gpu3-20260625-115112,21,0.06943230,0.17654110,0.02568999,0.00001020,0.06674584,0.02485215,0.00001012,0.0005,0.05916190,0,Phase2-退火(0%),0.000000,5e-05
src64-64_raq2-64_distill_srcrep_ch64-128_gpu3-20260625-115112,22,0.06841079,0.17325665,0.02529511,0.00001006,0.05876161,0.02335661,0.00000994,0.0005,0.05876161,1,Phase2-退火(2%),0.000000,5e-05
src64-64_raq2-64_distill_srcrep_ch64-128_gpu3-20260625-115112,23,0.06671182,0.16866732,0.02454639,0.00000985,0.05840551,0.02303709,0.00000972,0.0005,0.05840551,1,Phase2-退火(3%),0.000000,5e-05
src64-64_raq2-64_distill_srcrep_ch64-128_gpu3-20260625-115112,24,0.06588348,0.16635551,0.02418642,0.00000959,0.05915212,0.02582096,0.00000947,0.0005,0.05840551,0,Phase2-退火(5%),0.000000,5e-05
src64-64_raq2-64_distill_srcrep_ch64-128_gpu3-20260625-115112,25,0.06558069,0.17271807,0.02513081,0.00000935,0.05934643,0.02497147,0.00000925,0.0005,0.05840551,0,Phase2-退火(7%),0.000000,5e-05
src64-64_raq2-64_distill_srcrep_ch64-128_gpu3-20260625-115112,26,0.06514527,0.17341696,0.02505907,0.00000913,0.05866886,0.02371129,0.00000902,0.0005,0.05840551,0,Phase2-退火(8%),0.000000,5e-05
src64-64_raq2-64_distill_srcrep_ch64-128_gpu3-20260625-115112,27,0.06409501,0.16804339,0.02429114,0.00000890,0.05546864,0.02290640,0.00000880,0.0005,0.05546864,1,Phase2-退火(10%),0.000000,5e-05
src64-64_raq2-64_distill_srcrep_ch64-128_gpu3-20260625-115112,28,0.06341391,0.16779900,0.02451919,0.00000866,0.05478270,0.02264809,0.00000855,0.0005,0.05478270,1,Phase2-退火(12%),0.000000,5e-05
src64-64_raq2-64_distill_srcrep_ch64-128_gpu3-20260625-115112,29,0.06267945,0.16855189,0.02473367,0.00000843,0.05652973,0.02311992,0.00000828,0.0005,0.05478270,0,Phase2-退火(13%),0.000000,5e-05
src64-64_raq2-64_distill_srcrep_ch64-128_gpu3-20260625-115112,30,0.06223805,0.16945720,0.02501885,0.00000814,0.05710664,0.02434594,0.00000798,0.0005,0.05478270,0,Phase2-退火(15%),0.000000,5e-05
src64-64_raq2-64_distill_srcrep_ch64-128_gpu3-20260625-115112,31,0.06174245,0.16733953,0.02470420,0.00000789,0.06436742,0.02429108,0.00000788,0.0005,0.05478270,0,Phase2-退火(17%),0.000000,5e-05
src64-64_raq2-64_distill_srcrep_ch64-128_gpu3-20260625-115112,32,0.06164858,0.16716215,0.02513651,0.00000808,0.05464157,0.02446128,0.00000827,0.0005,0.05464157,1,Phase2-退火(18%),0.000000,5e-05
src64-64_raq2-64_distill_srcrep_ch64-128_gpu3-20260625-115112,33,0.06055468,0.16718326,0.02472734,0.00000831,0.05438823,0.02477785,0.00000830,0.0005,0.05438823,1,Phase2-退火(20%),0.000000,5e-05
src64-64_raq2-64_distill_srcrep_ch64-128_gpu3-20260625-115112,34,0.06123737,0.17765853,0.02669736,0.00000825,0.05581251,0.02496846,0.00000816,0.0005,0.05438823,0,Phase2-退火(22%),0.000000,5e-05
src64-64_raq2-64_distill_srcrep_ch64-128_gpu3-20260625-115112,35,0.05981423,0.16794779,0.02468918,0.00000812,0.05404716,0.02529086,0.00000808,0.0005,0.05404716,1,Phase2-退火(23%),0.000000,5e-05
src64-64_raq2-64_distill_srcrep_ch64-128_gpu3-20260625-115112,36,0.05895067,0.16533454,0.02479065,0.00000800,0.05602110,0.02736708,0.00000794,0.0005,0.05404716,0,Phase2-退火(25%),0.000000,5e-05
src64-64_raq2-64_distill_srcrep_ch64-128_gpu3-20260625-115112,37,0.05888698,0.16806265,0.02518712,0.00000791,0.05455750,0.02621635,0.00000786,0.0005,0.05404716,0,Phase2-退火(27%),0.000000,5e-05
src64-64_raq2-64_distill_srcrep_ch64-128_gpu3-20260625-115112,38,0.05843443,0.16598035,0.02482297,0.00000782,0.05091813,0.02443433,0.00000779,0.0005,0.05091813,1,Phase2-退火(28%),0.000000,5e-05
src64-64_raq2-64_distill_srcrep_ch64-128_gpu3-20260625-115112,39,0.05812485,0.16945949,0.02555025,0.00000774,0.05384023,0.02630258,0.00000772,0.0005,0.05091813,0,Phase2-退火(30%),0.000000,5e-05
src64-64_raq2-64_distill_srcrep_ch64-128_gpu3-20260625-115112,40,0.05747080,0.16470869,0.02467341,0.00000769,0.05246207,0.02664124,0.00000767,0.0005,0.05091813,0,Phase2-退火(32%),0.000000,5e-05
src64-64_raq2-64_distill_srcrep_ch64-128_gpu3-20260625-115112,41,0.05675108,0.16117818,0.02422354,0.00000765,0.05303820,0.02754200,0.00000764,0.0005,0.05091813,0,Phase2-退火(33%),0.000000,5e-05
src64-64_raq2-64_distill_srcrep_ch64-128_gpu3-20260625-115112,42,0.05744438,0.17241456,0.02606960,0.00000762,0.05294154,0.02487093,0.00000759,0.0005,0.05091813,0,Phase2-退火(35%),0.000000,5e-05
src64-64_raq2-64_distill_srcrep_ch64-128_gpu3-20260625-115112,43,0.05683046,0.17272753,0.02649235,0.00000758,0.05166692,0.02599153,0.00000755,0.0005,0.05091813,0,Phase2-退火(37%),0.000000,5e-05
src64-64_raq2-64_distill_srcrep_ch64-128_gpu3-20260625-115112,44,0.05668984,0.16843670,0.02548352,0.00000756,0.05390492,0.02913341,0.00000754,0.0005,0.05091813,0,Phase2-退火(38%),0.000000,5e-05
src64-64_raq2-64_distill_srcrep_ch64-128_gpu3-20260625-115112,45,0.05595304,0.17144525,0.02627687,0.00000751,0.05065801,0.02465829,0.00000748,0.0005,0.05065801,1,Phase2-退火(40%),0.000000,5e-05
src64-64_raq2-64_distill_srcrep_ch64-128_gpu3-20260625-115112,46,0.05541748,0.16758747,0.02549934,0.00000746,0.05034964,0.02433509,0.00000743,0.0005,0.05034964,1,Phase2-退火(42%),0.000000,5e-05
src64-64_raq2-64_distill_srcrep_ch64-128_gpu3-20260625-115112,47,0.05522765,0.16726581,0.02562619,0.00000741,0.05896680,0.02629393,0.00000737,0.0005,0.05034964,0,Phase2-退火(43%),0.000000,5e-05
src64-64_raq2-64_distill_srcrep_ch64-128_gpu3-20260625-115112,48,0.05498889,0.16672649,0.02585091,0.00000753,0.04852544,0.02294416,0.00000761,0.0005,0.04852544,1,Phase2-退火(45%),0.000000,5e-05
src64-64_raq2-64_distill_srcrep_ch64-128_gpu3-20260625-115112,49,0.05463114,0.16592689,0.02566886,0.00000772,0.05441516,0.02824088,0.00000785,0.0005,0.04852544,0,Phase2-退火(47%),0.000000,5e-05
src64-64_raq2-64_distill_srcrep_ch64-128_gpu3-20260625-115112,50,0.05463670,0.17230138,0.02677900,0.00000789,0.04915349,0.02386055,0.00000792,0.0005,0.04852544,0,Phase2-退火(48%),0.000000,5e-05
src64-64_raq2-64_distill_srcrep_ch64-128_gpu3-20260625-115112,51,0.05395045,0.16928594,0.02617444,0.00000795,0.04995375,0.02667937,0.00000800,0.0005,0.04852544,0,Phase2-退火(50%),0.000000,5e-05
src64-64_raq2-64_distill_srcrep_ch64-128_gpu3-20260625-115112,52,0.05358676,0.16581279,0.02537207,0.00000800,0.04951377,0.02549414,0.00000797,0.0005,0.04852544,0,Phase2-退火(52%),0.000000,5e-05
src64-64_raq2-64_distill_srcrep_ch64-128_gpu3-20260625-115112,53,0.05321141,0.16937041,0.02629211,0.00000797,0.05085399,0.02463882,0.00000793,0.0005,0.04852544,0,Phase2-退火(53%),0.000000,5e-05
src64-64_raq2-64_distill_srcrep_ch64-128_gpu3-20260625-115112,54,0.05354332,0.17311070,0.02684384,0.00000789,0.04880597,0.02400367,0.00000785,0.0005,0.04852544,0,Phase2-退火(55%),0.000000,5e-05
src64-64_raq2-64_distill_srcrep_ch64-128_gpu3-20260625-115112,55,0.05297005,0.16771652,0.02594423,0.00000789,0.04986673,0.02571705,0.00000797,0.0005,0.04852544,0,Phase2-退火(57%),0.000000,5e-05
src64-64_raq2-64_distill_srcrep_ch64-128_gpu3-20260625-115112,56,0.05281343,0.17060553,0.02700342,0.00000810,0.05038645,0.02723181,0.00000807,0.0005,0.04852544,0,Phase2-退火(58%),0.000000,5e-05
src64-64_raq2-64_distill_srcrep_ch64-128_gpu3-20260625-115112,57,0.05175215,0.16079037,0.02525695,0.00000805,0.04966595,0.02365024,0.00000804,0.0005,0.04852544,0,Phase2-退火(60%),0.000000,5e-05
src64-64_raq2-64_distill_srcrep_ch64-128_gpu3-20260625-115112,58,0.05237746,0.17058251,0.02693455,0.00000797,0.04844866,0.02358331,0.00000796,0.0005,0.04844866,1,Phase2-退火(62%),0.000000,5e-05
src64-64_raq2-64_distill_srcrep_ch64-128_gpu3-20260625-115112,59,0.05156987,0.16656363,0.02626160,0.00000795,0.04758583,0.02460831,0.00000797,0.0005,0.04758583,1,Phase2-退火(63%),0.000000,5e-05
src64-64_raq2-64_distill_srcrep_ch64-128_gpu3-20260625-115112,60,0.05150962,0.16699638,0.02651870,0.00000798,0.05054094,0.02705197,0.00000792,0.0005,0.04758583,0,Phase2-退火(65%),0.000000,5e-05
src64-64_raq2-64_distill_srcrep_ch64-128_gpu3-20260625-115112,61,0.05168435,0.17164119,0.02731695,0.00000793,0.04808046,0.02631372,0.00000801,0.0005,0.04758583,0,Phase2-退火(67%),0.000000,5e-05
src64-64_raq2-64_distill_srcrep_ch64-128_gpu3-20260625-115112,62,0.05090239,0.16618247,0.02651504,0.00000811,0.04783682,0.02420127,0.00000823,0.0005,0.04758583,0,Phase2-退火(68%),0.000000,5e-05
src64-64_raq2-64_distill_srcrep_ch64-128_gpu3-20260625-115112,63,0.05037309,0.16436814,0.02606458,0.00000839,0.04642954,0.02273005,0.00000845,0.0005,0.04642954,1,Phase2-退火(70%),0.000000,5e-05
src64-64_raq2-64_distill_srcrep_ch64-128_gpu3-20260625-115112,64,0.04988126,0.16208478,0.02554575,0.00000847,0.04720637,0.02601738,0.00000849,0.0005,0.04642954,0,Phase2-退火(72%),0.000000,5e-05
src64-64_raq2-64_distill_srcrep_ch64-128_gpu3-20260625-115112,65,0.05040131,0.16975516,0.02696673,0.00000850,0.04857473,0.02885910,0.00000845,0.0005,0.04642954,0,Phase2-退火(73%),0.000000,5e-05
src64-64_raq2-64_distill_srcrep_ch64-128_gpu3-20260625-115112,66,0.04988058,0.16776799,0.02670531,0.00000843,0.04544502,0.02224420,0.00000843,0.0005,0.04544502,1,Phase2-退火(75%),0.000000,5e-05
src64-64_raq2-64_distill_srcrep_ch64-128_gpu3-20260625-115112,67,0.04968020,0.16890216,0.02674032,0.00000836,0.04794903,0.02772902,0.00000832,0.0005,0.04544502,0,Phase2-退火(77%),0.000000,5e-05
src64-64_raq2-64_distill_srcrep_ch64-128_gpu3-20260625-115112,68,0.04912445,0.16547855,0.02626151,0.00000833,0.04745114,0.02513917,0.00000832,0.0005,0.04544502,0,Phase2-退火(78%),0.000000,5e-05
src64-64_raq2-64_distill_srcrep_ch64-128_gpu3-20260625-115112,69,0.04910092,0.16690654,0.02659222,0.00000844,0.04703495,0.02379817,0.00000857,0.0005,0.04544502,0,Phase2-退火(80%),0.000000,5e-05
src64-64_raq2-64_distill_srcrep_ch64-128_gpu3-20260625-115112,70,0.04907953,0.16840415,0.02712632,0.00000859,0.04881183,0.02785644,0.00000859,0.0005,0.04544502,0,Phase2-退火(82%),0.000000,5e-05
src64-64_raq2-64_distill_srcrep_ch64-128_gpu3-20260625-115112,71,0.04865379,0.16646644,0.02671222,0.00000859,0.05029544,0.02670718,0.00000857,0.0005,0.04544502,0,Phase2-退火(83%),0.000000,5e-05
src64-64_raq2-64_distill_srcrep_ch64-128_gpu3-20260625-115112,72,0.04802204,0.16286886,0.02611578,0.00000867,0.04797206,0.02498969,0.00000883,0.0005,0.04544502,0,Phase2-退火(85%),0.000000,5e-05
src64-64_raq2-64_distill_srcrep_ch64-128_gpu3-20260625-115112,73,0.04792416,0.16121663,0.02596505,0.00000891,0.04916876,0.02850573,0.00000898,0.0005,0.04544502,0,Phase2-退火(87%),0.000000,5e-05
src64-64_raq2-64_distill_srcrep_ch64-128_gpu3-20260625-115112,74,0.04842891,0.17262098,0.02815246,0.00000902,0.04683364,0.02830557,0.00000894,0.0005,0.04544502,0,Phase2-退火(88%),0.000000,5e-05
src64-64_raq2-64_distill_srcrep_ch64-128_gpu3-20260625-115112,75,0.04761155,0.16483845,0.02668912,0.00000888,0.04623665,0.02586805,0.00000885,0.0005,0.04544502,0,Phase2-退火(90%),0.000000,5e-05
src64-64_raq2-64_distill_srcrep_ch64-128_gpu3-20260625-115112,76,0.04738720,0.16669084,0.02696142,0.00000889,0.04523573,0.02434811,0.00000887,0.0005,0.04523573,1,Phase2-退火(92%),0.000000,5e-05
src64-64_raq2-64_distill_srcrep_ch64-128_gpu3-20260625-115112,77,0.04693486,0.16356788,0.02654885,0.00000886,0.04778023,0.03098104,0.00000890,0.0005,0.04523573,0,Phase2-退火(93%),0.000000,5e-05
src64-64_raq2-64_distill_srcrep_ch64-128_gpu3-20260625-115112,78,0.04746436,0.17225311,0.02826465,0.00000905,0.04693085,0.02906295,0.00000911,0.0005,0.04523573,0,Phase2-退火(95%),0.000000,5e-05
src64-64_raq2-64_distill_srcrep_ch64-128_gpu3-20260625-115112,79,0.04671745,0.16632262,0.02723396,0.00000910,0.04836354,0.02787693,0.00000912,0.0005,0.04523573,0,Phase2-退火(97%),0.000000,5e-05
src64-64_raq2-64_distill_srcrep_ch64-128_gpu3-20260625-115112,80,0.04667807,0.16766448,0.02757649,0.00000913,0.04492260,0.02743282,0.00000919,0.0005,0.04492260,1,Phase2-退火(98%),0.000000,5e-05
src64-64_raq2-64_distill_srcrep_ch64-128_gpu3-20260625-115112,81,0.04656532,0.17068186,0.02820641,0.00000920,0.04687028,0.02896645,0.00000928,0.0005,0.04492260,0,Phase3-微调,0.000000,5e-05
src64-64_raq2-64_distill_srcrep_ch64-128_gpu3-20260625-115112,82,0.04612550,0.16845055,0.02760287,0.00000952,0.04684566,0.02549119,0.00000959,0.0005,0.04492260,0,Phase3-微调,0.025000,5e-05
src64-64_raq2-64_distill_srcrep_ch64-128_gpu3-20260625-115112,83,0.04577309,0.16299568,0.02663090,0.00000966,0.04724605,0.03104677,0.00000968,0.0005,0.04492260,0,Phase3-微调,0.050000,5e-05
src64-64_raq2-64_distill_srcrep_ch64-128_gpu3-20260625-115112,84,0.04550505,0.16173869,0.02641880,0.00000962,0.04748588,0.02918357,0.00000954,0.0005,0.04492260,0,Phase3-微调,0.075000,5e-05
src64-64_raq2-64_distill_srcrep_ch64-128_gpu3-20260625-115112,85,0.04575140,0.16535775,0.02706891,0.00000950,0.04414364,0.02428284,0.00000952,0.0005,0.04414364,1,Phase3-微调,0.100000,5e-05
src64-64_raq2-64_distill_srcrep_ch64-128_gpu3-20260625-115112,86,0.04632976,0.17261273,0.02839066,0.00000957,0.04407799,0.02490377,0.00000963,0.0005,0.04407799,1,Phase3-微调,0.125000,5e-05
src64-64_raq2-64_distill_srcrep_ch64-128_gpu3-20260625-115112,87,0.04477906,0.15713752,0.02556561,0.00000961,0.04381901,0.02545972,0.00000962,0.0005,0.04381901,1,Phase3-微调,0.150000,5e-05
src64-64_raq2-64_distill_srcrep_ch64-128_gpu3-20260625-115112,88,0.04600434,0.17001735,0.02796947,0.00000977,0.04916627,0.02773844,0.00000994,0.0005,0.04381901,0,Phase3-微调,0.175000,5e-05
src64-64_raq2-64_distill_srcrep_ch64-128_gpu3-20260625-115112,89,0.04514548,0.16335022,0.02676562,0.00000996,0.04436848,0.02569495,0.00000996,0.0005,0.04381901,0,Phase3-微调,0.200000,5e-05
src64-64_raq2-64_distill_srcrep_ch64-128_gpu3-20260625-115112,90,0.04502030,0.16198758,0.02649362,0.00000999,0.05032101,0.03107360,0.00000995,0.0005,0.04381901,0,Phase3-微调,0.225000,5e-05
src64-64_raq2-64_distill_srcrep_ch64-128_gpu3-20260625-115112,91,0.04523527,0.16404214,0.02679308,0.00001015,0.04465733,0.02509452,0.00001033,0.0005,0.04381901,0,Phase3-微调,0.250000,5e-05
src64-64_raq2-64_distill_srcrep_ch64-128_gpu3-20260625-115112,92,0.04490572,0.16240292,0.02667405,0.00001031,0.04612751,0.02509003,0.00001030,0.0005,0.04381901,0,Phase3-微调,0.275000,5e-05
src64-64_raq2-64_distill_srcrep_ch64-128_gpu3-20260625-115112,93,0.04512827,0.16415280,0.02692284,0.00001041,0.04735184,0.03036332,0.00001048,0.0005,0.04381901,0,Phase3-微调,0.300000,5e-05
src64-64_raq2-64_distill_srcrep_ch64-128_gpu3-20260625-115112,94,0.04596914,0.17589549,0.02910443,0.00001070,0.04493864,0.02721316,0.00001080,0.0005,0.04381901,0,Phase3-微调,0.325000,5e-05
src64-64_raq2-64_distill_srcrep_ch64-128_gpu3-20260625-115112,95,0.04498382,0.16686197,0.02746405,0.00001089,0.04575811,0.02900631,0.00001093,0.0005,0.04381901,0,Phase3-微调,0.350000,5e-05
src64-64_raq2-64_distill_srcrep_ch64-128_gpu3-20260625-115112,96,0.04514861,0.16839236,0.02789588,0.00001094,0.04428837,0.02632216,0.00001091,0.0005,0.04381901,0,Phase3-微调,0.375000,5e-05
src64-64_raq2-64_distill_srcrep_ch64-128_gpu3-20260625-115112,97,0.04512294,0.17028934,0.02827857,0.00001107,0.04486105,0.02610182,0.00001127,0.0005,0.04381901,0,Phase3-微调,0.400000,5e-05
src64-64_raq2-64_distill_srcrep_ch64-128_gpu3-20260625-115112,98,0.04479210,0.16626780,0.02756562,0.00001120,0.04621610,0.02796191,0.00001118,0.0005,0.04381901,0,Phase3-微调,0.425000,5e-05
src64-64_raq2-64_distill_srcrep_ch64-128_gpu3-20260625-115112,99,0.04567722,0.17752504,0.02952766,0.00001128,0.04439582,0.02556648,0.00001132,0.0005,0.04381901,0,Phase3-微调,0.450000,5e-05
src64-64_raq2-64_distill_srcrep_ch64-128_gpu3-20260625-115112,100,0.04485354,0.16886901,0.02800349,0.00001132,0.04497300,0.02589202,0.00001127,0.0005,0.04381901,0,Phase3-微调,0.475000,2.5e-05
src64-64_raq2-64_distill_srcrep_ch64-128_gpu3-20260625-115112,101,0.04330365,0.16579995,0.02742228,0.00001128,0.04361935,0.02693140,0.00001129,0.0005,0.04361935,1,Phase3-微调,0.500000,2.5e-05
src64-64_raq2-64_distill_srcrep_ch64-128_gpu3-20260625-115112,102,0.04355066,0.17009537,0.02801919,0.00001130,0.04216044,0.02547331,0.00001131,0.0005,0.04216044,1,Phase3-微调,0.525000,2.5e-05
src64-64_raq2-64_distill_srcrep_ch64-128_gpu3-20260625-115112,103,0.04285892,0.16202132,0.02636956,0.00001132,0.04252213,0.02520464,0.00001131,0.0005,0.04216044,0,Phase3-微调,0.550000,2.5e-05
src64-64_raq2-64_distill_srcrep_ch64-128_gpu3-20260625-115112,104,0.04267188,0.16000740,0.02611630,0.00001127,0.04406535,0.02676459,0.00001127,0.0005,0.04216044,0,Phase3-微调,0.575000,2.5e-05
src64-64_raq2-64_distill_srcrep_ch64-128_gpu3-20260625-115112,105,0.04303972,0.16262689,0.02648194,0.00001124,0.04498492,0.02678241,0.00001131,0.0005,0.04216044,0,Phase3-微调,0.600000,2.5e-05
src64-64_raq2-64_distill_srcrep_ch64-128_gpu3-20260625-115112,106,0.04336739,0.16896236,0.02748546,0.00001142,0.04245505,0.02584969,0.00001154,0.0005,0.04216044,0,Phase3-微调,0.625000,2.5e-05
src64-64_raq2-64_distill_srcrep_ch64-128_gpu3-20260625-115112,107,0.04361858,0.17177241,0.02801502,0.00001161,0.04225598,0.02636510,0.00001167,0.0005,0.04216044,0,Phase3-微调,0.650000,2.5e-05
src64-64_raq2-64_distill_srcrep_ch64-128_gpu3-20260625-115112,108,0.04338939,0.17038966,0.02771684,0.00001173,0.04378081,0.02826775,0.00001176,0.0005,0.04216044,0,Phase3-微调,0.675000,2.5e-05
src64-64_raq2-64_distill_srcrep_ch64-128_gpu3-20260625-115112,109,0.04375730,0.17526556,0.02846663,0.00001181,0.04240083,0.02523737,0.00001188,0.0005,0.04216044,0,Phase3-微调,0.700000,2.5e-05
src64-64_raq2-64_distill_srcrep_ch64-128_gpu3-20260625-115112,110,0.04273305,0.16552497,0.02668774,0.00001188,0.04313124,0.02834677,0.00001184,0.0005,0.04216044,0,Phase3-微调,0.725000,2.5e-05
src64-64_raq2-64_distill_srcrep_ch64-128_gpu3-20260625-115112,111,0.04350889,0.17446330,0.02823628,0.00001183,0.04114787,0.02290686,0.00001188,0.0005,0.04114787,1,Phase3-微调,0.750000,2.5e-05
src64-64_raq2-64_distill_srcrep_ch64-128_gpu3-20260625-115112,112,0.04299550,0.16960126,0.02743425,0.00001183,0.04152741,0.02451342,0.00001181,0.0005,0.04114787,0,Phase3-微调,0.775000,2.5e-05
src64-64_raq2-64_distill_srcrep_ch64-128_gpu3-20260625-115112,113,0.04342066,0.17547355,0.02852383,0.00001188,0.04374674,0.02927297,0.00001197,0.0005,0.04114787,0,Phase3-微调,0.800000,2.5e-05
src64-64_raq2-64_distill_srcrep_ch64-128_gpu3-20260625-115112,114,0.04276529,0.16733818,0.02687587,0.00001200,0.04442228,0.03005114,0.00001205,0.0005,0.04114787,0,Phase3-微调,0.825000,2.5e-05
src64-64_raq2-64_distill_srcrep_ch64-128_gpu3-20260625-115112,115,0.04335154,0.17629496,0.02851325,0.00001199,0.04296500,0.02723263,0.00001194,0.0005,0.04114787,0,Phase3-微调,0.850000,2.5e-05
src64-64_raq2-64_distill_srcrep_ch64-128_gpu3-20260625-115112,116,0.04289514,0.16915129,0.02720539,0.00001194,0.04331574,0.02664878,0.00001194,0.0005,0.04114787,0,Phase3-微调,0.875000,2.5e-05
src64-64_raq2-64_distill_srcrep_ch64-128_gpu3-20260625-115112,117,0.04266470,0.16972758,0.02736827,0.00001193,0.04401626,0.02720139,0.00001189,0.0005,0.04114787,0,Phase3-微调,0.900000,2.5e-05
src64-64_raq2-64_distill_srcrep_ch64-128_gpu3-20260625-115112,118,0.04256642,0.16610965,0.02669087,0.00001191,0.04278864,0.02844397,0.00001194,0.0005,0.04114787,0,Phase3-微调,0.925000,2.5e-05
src64-64_raq2-64_distill_srcrep_ch64-128_gpu3-20260625-115112,119,0.04349894,0.18003485,0.02920180,0.00001203,0.04329016,0.02767584,0.00001208,0.0005,0.04114787,0,Phase3-微调,0.950000,2.5e-05
src64-64_raq2-64_distill_srcrep_ch64-128_gpu3-20260625-115112,120,0.04323883,0.17722487,0.02855265,0.00001217,0.04259170,0.02807581,0.00001222,0.0005,0.04114787,0,Phase3-微调,0.975000,2.5e-05
src64-64_raq2-64_distill_srcrep_ch64-128_gpu3-20260625-115112,121,0.04292486,0.17333270,0.02793671,0.00001221,0.04253876,0.02875003,0.00001222,0.0005,0.04114787,0,Phase3-微调,1.000000,2.5e-05
src64-64_raq2-64_distill_srcrep_ch64-128_gpu3-20260625-115112,122,0.04344428,0.17912996,0.02885214,0.00001228,0.04248051,0.02736984,0.00001232,0.0005,0.04114787,0,Phase3-微调,1.000000,2.5e-05
src64-64_raq2-64_distill_srcrep_ch64-128_gpu3-20260625-115112,123,0.04297299,0.17634614,0.02847963,0.00001240,0.04424939,0.03102671,0.00001241,0.0005,0.04114787,0,Phase3-微调,1.000000,2.5e-05
src64-64_raq2-64_distill_srcrep_ch64-128_gpu3-20260625-115112,124,0.04225869,0.16686672,0.02670559,0.00001250,0.04434025,0.02896463,0.00001258,0.0005,0.04114787,0,Phase3-微调,1.000000,2.5e-05
src64-64_raq2-64_distill_srcrep_ch64-128_gpu3-20260625-115112,125,0.04346224,0.18089768,0.02921311,0.00001270,0.04399479,0.03112443,0.00001277,0.0005,0.04114787,0,Phase3-微调,1.000000,2.5e-05
src64-64_raq2-64_distill_srcrep_ch64-128_gpu3-20260625-115112,126,0.04233603,0.16927479,0.02696563,0.00001291,0.04420675,0.02946933,0.00001298,0.0005,0.04114787,0,Phase3-微调,1.000000,2.5e-05
src64-64_raq2-64_distill_srcrep_ch64-128_gpu3-20260625-115112,127,0.04320074,0.17886226,0.02892010,0.00001302,0.04333976,0.03072463,0.00001302,0.0005,0.04114787,0,Phase3-微调,1.000000,2.5e-05
src64-64_raq2-64_distill_srcrep_ch64-128_gpu3-20260625-115112,128,0.04253811,0.17407315,0.02778018,0.00001307,0.04181071,0.02588273,0.00001309,0.0005,0.04114787,0,Phase3-微调,1.000000,2.5e-05
src64-64_raq2-64_distill_srcrep_ch64-128_gpu3-20260625-115112,129,0.04207754,0.16849837,0.02690931,0.00001311,0.04574371,0.02692196,0.00001308,0.0005,0.04114787,0,Phase3-微调,1.000000,2.5e-05
src64-64_raq2-64_distill_srcrep_ch64-128_gpu3-20260625-115112,130,0.04255065,0.17294250,0.02756984,0.00001308,0.04264610,0.02421794,0.00001312,0.0005,0.04114787,0,Phase3-微调,1.000000,2.5e-05
src64-64_raq2-64_distill_srcrep_ch64-128_gpu3-20260625-115112,131,0.04225795,0.16966055,0.02702334,0.00001314,0.04427867,0.03031623,0.00001314,0.0005,0.04114787,0,Phase3-微调,1.000000,2.5e-05
src64-64_raq2-64_distill_srcrep_ch64-128_gpu3-20260625-115112,132,0.04158615,0.16504940,0.02609274,0.00001312,0.04259109,0.02509102,0.00001308,0.0005,0.04114787,0,Phase3-微调,1.000000,2.5e-05
src64-64_raq2-64_distill_srcrep_ch64-128_gpu3-20260625-115112,133,0.04258111,0.17510772,0.02795772,0.00001305,0.04276916,0.02827138,0.00001303,0.0005,0.04114787,0,Phase3-微调,1.000000,2.5e-05
src64-64_raq2-64_distill_srcrep_ch64-128_gpu3-20260625-115112,134,0.04258177,0.17626079,0.02805552,0.00001310,0.04218168,0.02459350,0.00001314,0.0005,0.04114787,0,Phase3-微调,1.000000,2.5e-05
src64-64_raq2-64_distill_srcrep_ch64-128_gpu3-20260625-115112,135,0.04274907,0.17855480,0.02865970,0.00001313,0.04282266,0.02938341,0.00001309,0.0005,0.04114787,0,Phase3-微调,1.000000,2.5e-05
src64-64_raq2-64_distill_srcrep_ch64-128_gpu3-20260625-115112,136,0.04275223,0.17959957,0.02873826,0.00001307,0.04155367,0.02609952,0.00001307,0.0005,0.04114787,0,Phase3-微调,1.000000,2.5e-05
src64-64_raq2-64_distill_srcrep_ch64-128_gpu3-20260625-115112,137,0.04235304,0.17572474,0.02799403,0.00001305,0.04353036,0.02620681,0.00001304,0.0005,0.04114787,0,Phase3-微调,1.000000,2.5e-05
src64-64_raq2-64_distill_srcrep_ch64-128_gpu3-20260625-115112,138,0.04257043,0.17848051,0.02842466,0.00001306,0.04298277,0.02875471,0.00001311,0.0005,0.04114787,0,Phase3-微调,1.000000,2.5e-05
src64-64_raq2-64_distill_srcrep_ch64-128_gpu3-20260625-115112,139,0.04244689,0.17656063,0.02809398,0.00001313,0.04230135,0.02750066,0.00001318,0.0005,0.04114787,0,Phase3-微调,1.000000,2.5e-05
src64-64_raq2-64_distill_srcrep_ch64-128_gpu3-20260625-115112,140,0.04228546,0.17691261,0.02815980,0.00001327,0.04236551,0.02584450,0.00001334,0.0005,0.04114787,0,Phase3-微调,1.000000,2.5e-05
src64-64_raq2-64_distill_srcrep_ch64-128_gpu3-20260625-115112,141,0.04224067,0.17620719,0.02797432,0.00001344,0.04229384,0.02791708,0.00001355,0.0005,0.04114787,0,Phase3-微调,1.000000,2.5e-05
src64-64_raq2-64_distill_srcrep_ch64-128_gpu3-20260625-115112,142,0.04217659,0.17403759,0.02756687,0.00001371,0.04459048,0.03290366,0.00001388,0.0005,0.04114787,0,Phase3-微调,1.000000,2.5e-05
src64-64_raq2-64_distill_srcrep_ch64-128_gpu3-20260625-115112,143,0.04248982,0.17983795,0.02862968,0.00001394,0.04404746,0.02896376,0.00001405,0.0005,0.04114787,0,Phase3-微调,1.000000,2.5e-05
src64-64_raq2-64_distill_srcrep_ch64-128_gpu3-20260625-115112,144,0.04209353,0.17513738,0.02772468,0.00001410,0.04241158,0.02665759,0.00001414,0.0005,0.04114787,0,Phase3-微调,1.000000,2.5e-05
src64-64_raq2-64_distill_srcrep_ch64-128_gpu3-20260625-115112,145,0.04173420,0.17070675,0.02696933,0.00001424,0.04206582,0.02633524,0.00001433,0.0005,0.04114787,0,Phase3-微调,1.000000,2.5e-05
src64-64_raq2-64_distill_srcrep_ch64-128_gpu3-20260625-115112,146,0.04215941,0.17310125,0.02748816,0.00001448,0.04315954,0.03120944,0.00001458,0.0005,0.04114787,0,Phase3-微调,1.000000,2.5e-05
src64-64_raq2-64_distill_srcrep_ch64-128_gpu3-20260625-115112,147,0.04193323,0.17555112,0.02774200,0.00001467,0.04264962,0.02805981,0.00001478,0.0005,0.04114787,0,Phase3-微调,1.000000,2.5e-05
src64-64_raq2-64_distill_srcrep_ch64-128_gpu3-20260625-115112,148,0.04173947,0.17097535,0.02697848,0.00001483,0.04281260,0.03112010,0.00001486,0.0005,0.04114787,0,Phase3-微调,1.000000,2.5e-05
src64-64_raq2-64_distill_srcrep_ch64-128_gpu3-20260625-115112,149,0.04233193,0.17971632,0.02844429,0.00001491,0.04258359,0.02772530,0.00001495,0.0005,0.04114787,0,Phase3-微调,1.000000,2.5e-05
src64-64_raq2-64_distill_srcrep_ch64-128_gpu3-20260625-115112,150,0.04219019,0.17774947,0.02810859,0.00001502,0.04284671,0.02933848,0.00001503,0.0005,0.04114787,0,Phase3-微调,1.000000,2.5e-05
src64-64_raq2-64_distill_srcrep_ch64-128_gpu3-20260625-115112,151,0.04202480,0.17742384,0.02811978,0.00001510,0.04269253,0.02827996,0.00001513,0.0005,0.04114787,0,Phase3-微调,1.000000,2.5e-05
src64-64_raq2-64_distill_srcrep_ch64-128_gpu3-20260625-115112,152,0.04180321,0.17443103,0.02749781,0.00001516,0.04205289,0.02864558,0.00001524,0.0005,0.04114787,0,Phase3-微调,1.000000,2.5e-05
src64-64_raq2-64_distill_srcrep_ch64-128_gpu3-20260625-115112,153,0.04227199,0.18059558,0.02861687,0.00001521,0.04150502,0.02696054,0.00001521,0.0005,0.04114787,0,Phase3-微调,1.000000,2.5e-05
src64-64_raq2-64_distill_srcrep_ch64-128_gpu3-20260625-115112,154,0.04169903,0.17469542,0.02747524,0.00001523,0.04124602,0.02434628,0.00001526,0.0005,0.04114787,0,Phase3-微调,1.000000,2.5e-05
src64-64_raq2-64_distill_srcrep_ch64-128_gpu3-20260625-115112,155,0.04204253,0.17455814,0.02741680,0.00001522,0.04326896,0.03003772,0.00001523,0.0005,0.04114787,0,Phase3-微调,1.000000,2.5e-05
src64-64_raq2-64_distill_srcrep_ch64-128_gpu3-20260625-115112,156,0.04187322,0.17847232,0.02822390,0.00001525,0.04064667,0.02440407,0.00001525,0.0005,0.04064667,1,Phase3-微调,1.000000,2.5e-05
src64-64_raq2-64_distill_srcrep_ch64-128_gpu3-20260625-115112,157,0.04161408,0.17498178,0.02748690,0.00001525,0.04076691,0.02484982,0.00001528,0.0005,0.04064667,0,Phase3-微调,1.000000,2.5e-05
src64-64_raq2-64_distill_srcrep_ch64-128_gpu3-20260625-115112,158,0.04208856,0.18175390,0.02877853,0.00001526,0.04134096,0.02766262,0.00001525,0.0005,0.04064667,0,Phase3-微调,1.000000,2.5e-05
src64-64_raq2-64_distill_srcrep_ch64-128_gpu3-20260625-115112,159,0.04194617,0.17927062,0.02826252,0.00001521,0.04292193,0.02648585,0.00001519,0.0005,0.04064667,0,Phase3-微调,1.000000,2.5e-05
src64-64_raq2-64_distill_srcrep_ch64-128_gpu3-20260625-115112,160,0.04172248,0.17708348,0.02771693,0.00001518,0.04220409,0.02750929,0.00001519,0.0005,0.04064667,0,Phase3-微调,1.000000,2.5e-05
src64-64_raq2-64_distill_srcrep_ch64-128_gpu3-20260625-115112,161,0.04212500,0.18368047,0.02894189,0.00001518,0.04166268,0.02551637,0.00001518,0.0005,0.04064667,0,Phase3-微调,1.000000,2.5e-05
src64-64_raq2-64_distill_srcrep_ch64-128_gpu3-20260625-115112,162,0.04173613,0.17750983,0.02782764,0.00001522,0.04387047,0.02852056,0.00001523,0.0005,0.04064667,0,Phase3-微调,1.000000,2.5e-05
src64-64_raq2-64_distill_srcrep_ch64-128_gpu3-20260625-115112,163,0.04157364,0.17476100,0.02732916,0.00001525,0.04220533,0.02711039,0.00001528,0.0005,0.04064667,0,Phase3-微调,1.000000,2.5e-05
src64-64_raq2-64_distill_srcrep_ch64-128_gpu3-20260625-115112,164,0.04136966,0.17494418,0.02731656,0.00001532,0.04087310,0.02513236,0.00001538,0.0005,0.04064667,0,Phase3-微调,1.000000,2.5e-05
src64-64_raq2-64_distill_srcrep_ch64-128_gpu3-20260625-115112,165,0.04149959,0.17478136,0.02739804,0.00001542,0.04291447,0.03091344,0.00001543,0.0005,0.04064667,0,Phase3-微调,1.000000,2.5e-05
src64-64_raq2-64_distill_srcrep_ch64-128_gpu3-20260625-115112,166,0.04166090,0.17842404,0.02806530,0.00001546,0.04241610,0.02774992,0.00001550,0.0005,0.04064667,0,Phase3-微调,1.000000,2.5e-05
src64-64_raq2-64_distill_srcrep_ch64-128_gpu3-20260625-115112,167,0.04193218,0.18228752,0.02869000,0.00001550,0.04369795,0.03111031,0.00001551,0.0005,0.04064667,0,Phase3-微调,1.000000,2.5e-05
src64-64_raq2-64_distill_srcrep_ch64-128_gpu3-20260625-115112,168,0.04183758,0.18231524,0.02871730,0.00001552,0.04329792,0.03040515,0.00001552,0.0005,0.04064667,0,Phase3-微调,1.000000,2.5e-05
src64-64_raq2-64_distill_srcrep_ch64-128_gpu3-20260625-115112,169,0.04138990,0.17629695,0.02748358,0.00001558,0.04100117,0.02708815,0.00001558,0.0005,0.04064667,0,Phase3-微调,1.000000,2.5e-05
src64-64_raq2-64_distill_srcrep_ch64-128_gpu3-20260625-115112,170,0.04115185,0.17579761,0.02750755,0.00001565,0.04277418,0.02787518,0.00001573,0.0005,0.04064667,0,Phase3-微调,1.000000,2.5e-05
src64-64_raq2-64_distill_srcrep_ch64-128_gpu3-20260625-115112,171,0.04195255,0.18244871,0.02859469,0.00001575,0.04284609,0.03031719,0.00001585,0.0005,0.04064667,0,Phase3-微调,1.000000,2.5e-05
src64-64_raq2-64_distill_srcrep_ch64-128_gpu3-20260625-115112,172,0.04164700,0.18056328,0.02826950,0.00001599,0.04132565,0.02614610,0.00001608,0.0005,0.04064667,0,Phase3-微调,1.000000,2.5e-05
src64-64_raq2-64_distill_srcrep_ch64-128_gpu3-20260625-115112,173,0.04095532,0.17209900,0.02680887,0.00001616,0.04129428,0.02504153,0.00001624,0.0005,0.04064667,0,Phase3-微调,1.000000,2.5e-05
src64-64_raq2-64_distill_srcrep_ch64-128_gpu3-20260625-115112,174,0.04188509,0.18424675,0.02902205,0.00001624,0.04100056,0.02575598,0.00001622,0.0005,0.04064667,0,Phase3-微调,1.000000,2.5e-05
src64-64_raq2-64_distill_srcrep_ch64-128_gpu3-20260625-115112,175,0.04077922,0.17010668,0.02655652,0.00001632,0.04198853,0.02822341,0.00001637,0.0005,0.04064667,0,Phase3-微调,1.000000,2.5e-05
src64-64_raq2-64_distill_srcrep_ch64-128_gpu3-20260625-115112,176,0.04156474,0.18128804,0.02857912,0.00001631,0.04064934,0.02445193,0.00001634,0.0005,0.04064667,0,Phase3-微调,1.000000,2.5e-05
src64-64_raq2-64_distill_srcrep_ch64-128_gpu3-20260625-115112,177,0.04150948,0.17892406,0.02811818,0.00001630,0.04468701,0.02987296,0.00001629,0.0005,0.04064667,0,Phase3-微调,1.000000,2.5e-05
src64-64_raq2-64_distill_srcrep_ch64-128_gpu3-20260625-115112,178,0.04008417,0.16406817,0.02546956,0.00001641,0.04067350,0.02593461,0.00001648,0.0005,0.04064667,0,Phase3-微调,1.000000,2.5e-05
src64-64_raq2-64_distill_srcrep_ch64-128_gpu3-20260625-115112,179,0.04152562,0.17984493,0.02827159,0.00001639,0.04102264,0.02614470,0.00001639,0.0005,0.04064667,0,Phase3-微调,1.000000,2.5e-05
src64-64_raq2-64_distill_srcrep_ch64-128_gpu3-20260625-115112,180,0.04175945,0.18400267,0.02898864,0.00001639,0.04069794,0.02385092,0.00001646,0.0005,0.04064667,0,Phase3-微调,1.000000,2.5e-05
src64-64_raq2-64_distill_srcrep_ch64-128_gpu3-20260625-115112,181,0.04159867,0.18377243,0.02886978,0.00001646,0.04191205,0.02570807,0.00001646,0.0005,0.04064667,0,Phase3-微调,1.000000,2.5e-05
src64-64_raq2-64_distill_srcrep_ch64-128_gpu3-20260625-115112,182,0.04190084,0.18707323,0.02949362,0.00001648,0.04144975,0.02751975,0.00001649,0.0005,0.04064667,0,Phase3-微调,1.000000,2.5e-05
src64-64_raq2-64_distill_srcrep_ch64-128_gpu3-20260625-115112,183,0.04156104,0.18263695,0.02879663,0.00001653,0.04089906,0.02760016,0.00001654,0.0005,0.04064667,0,Phase3-微调,1.000000,2.5e-05
src64-64_raq2-64_distill_srcrep_ch64-128_gpu3-20260625-115112,184,0.04160717,0.18493781,0.02908560,0.00001651,0.04085201,0.02636413,0.00001653,0.0005,0.04064667,0,Phase3-微调,1.000000,2.5e-05
src64-64_raq2-64_distill_srcrep_ch64-128_gpu3-20260625-115112,185,0.04087479,0.17415172,0.02705094,0.00001661,0.04255789,0.02687699,0.00001664,0.0005,0.04064667,0,Phase3-微调,1.000000,2.5e-05
src64-64_raq2-64_distill_srcrep_ch64-128_gpu3-20260625-115112,186,0.04147232,0.18242507,0.02863161,0.00001658,0.04093210,0.02671125,0.00001663,0.0005,0.04064667,0,Phase3-微调,1.000000,2.5e-05
src64-64_raq2-64_distill_srcrep_ch64-128_gpu3-20260625-115112,187,0.04099445,0.17675702,0.02766753,0.00001663,0.04155202,0.02881833,0.00001659,0.0005,0.04064667,0,Phase3-微调,1.000000,2.5e-05
src64-64_raq2-64_distill_srcrep_ch64-128_gpu3-20260625-115112,188,0.04092032,0.17712405,0.02767919,0.00001663,0.04151226,0.02520365,0.00001669,0.0005,0.04064667,0,Phase3-微调,1.000000,2.5e-05
src64-64_raq2-64_distill_srcrep_ch64-128_gpu3-20260625-115112,189,0.04103565,0.17859786,0.02792836,0.00001664,0.04085390,0.02742308,0.00001659,0.0005,0.04064667,0,Phase3-微调,1.000000,2.5e-05
src64-64_raq2-64_distill_srcrep_ch64-128_gpu3-20260625-115112,190,0.04121612,0.18152033,0.02837448,0.00001661,0.04144617,0.02839380,0.00001665,0.0005,0.04064667,0,Phase3-微调,1.000000,2.5e-05
src64-64_raq2-64_distill_srcrep_ch64-128_gpu3-20260625-115112,191,0.04158751,0.18618269,0.02928818,0.00001665,0.04153903,0.02931557,0.00001664,0.0005,0.04064667,0,Phase3-微调,1.000000,2.5e-05
src64-64_raq2-64_distill_srcrep_ch64-128_gpu3-20260625-115112,192,0.04109987,0.17933089,0.02798373,0.00001672,0.04171252,0.02946020,0.00001672,0.0005,0.04064667,0,Phase3-微调,1.000000,2.5e-05
src64-64_raq2-64_distill_srcrep_ch64-128_gpu3-20260625-115112,193,0.04125222,0.18268274,0.02848587,0.00001675,0.04070303,0.02771321,0.00001680,0.0005,0.04064667,0,Phase3-微调,1.000000,2.5e-05
src64-64_raq2-64_distill_srcrep_ch64-128_gpu3-20260625-115112,194,0.04082617,0.17644611,0.02749751,0.00001680,0.04066390,0.02498291,0.00001684,0.0005,0.04064667,0,Phase3-微调,1.000000,2.5e-05
src64-64_raq2-64_distill_srcrep_ch64-128_gpu3-20260625-115112,195,0.04046780,0.17335157,0.02696866,0.00001684,0.04045701,0.02505091,0.00001692,0.0005,0.04045701,1,Phase3-微调,1.000000,2.5e-05
src64-64_raq2-64_distill_srcrep_ch64-128_gpu3-20260625-115112,196,0.04077198,0.17684000,0.02758938,0.00001693,0.04280207,0.03064142,0.00001696,0.0005,0.04045701,0,Phase3-微调,1.000000,2.5e-05
src64-64_raq2-64_distill_srcrep_ch64-128_gpu3-20260625-115112,197,0.04141508,0.18615758,0.02914259,0.00001698,0.04121504,0.02851940,0.00001704,0.0005,0.04045701,0,Phase3-微调,1.000000,2.5e-05
src64-64_raq2-64_distill_srcrep_ch64-128_gpu3-20260625-115112,198,0.04026401,0.17139533,0.02654063,0.00001714,0.04094741,0.02594444,0.00001723,0.0005,0.04045701,0,Phase3-微调,1.000000,2.5e-05
src64-64_raq2-64_distill_srcrep_ch64-128_gpu3-20260625-115112,199,0.04129893,0.18389574,0.02872054,0.00001725,0.04094855,0.02781252,0.00001739,0.0005,0.04045701,0,Phase3-微调,1.000000,2.5e-05
src64-64_raq2-64_distill_srcrep_ch64-128_gpu3-20260625-115112,200,0.04057891,0.17481408,0.02701558,0.00001758,0.04022118,0.02540393,0.00001771,0.0005,0.04022118,1,Phase3-微调,1.000000,1.25e-05
