run_id,epoch,train_recon,train_vq,train_distill,val_recon,val_distill,best_val_recon,is_best,phase,channel_prob,learning_rate
src64-64_raq2-64_distill_ch64-128_gpu3-20260625-103347,1,0.28493843,1.09916021,0.16595721,0.16467944,0.08743617,0.16467944,1,Phase1-拓荒,0.000000,5e-05
src64-64_raq2-64_distill_ch64-128_gpu3-20260625-103347,2,0.15031426,0.49281911,0.06596057,0.12699847,0.04138047,0.12699847,1,Phase1-拓荒,0.000000,5e-05
src64-64_raq2-64_distill_ch64-128_gpu3-20260625-103347,3,0.12468761,0.34749400,0.04150776,0.10760970,0.03064241,0.10760970,1,Phase1-拓荒,0.000000,5e-05
src64-64_raq2-64_distill_ch64-128_gpu3-20260625-103347,4,0.11438239,0.30457111,0.03577108,0.09567232,0.02797125,0.09567232,1,Phase1-拓荒,0.000000,5e-05
src64-64_raq2-64_distill_ch64-128_gpu3-20260625-103347,5,0.10410712,0.25353283,0.03277512,0.09339773,0.02723569,0.09339773,1,Phase1-拓荒,0.000000,5e-05
src64-64_raq2-64_distill_ch64-128_gpu3-20260625-103347,6,0.10040040,0.24841835,0.03301404,0.08708129,0.02691277,0.08708129,1,Phase1-拓荒,0.000000,5e-05
src64-64_raq2-64_distill_ch64-128_gpu3-20260625-103347,7,0.09460598,0.23212950,0.03114242,0.08025157,0.02873388,0.08025157,1,Phase1-拓荒,0.000000,5e-05
src64-64_raq2-64_distill_ch64-128_gpu3-20260625-103347,8,0.09038215,0.22307210,0.03010067,0.07819170,0.02797322,0.07819170,1,Phase1-拓荒,0.000000,5e-05
src64-64_raq2-64_distill_ch64-128_gpu3-20260625-103347,9,0.08751785,0.21585627,0.02873905,0.07463228,0.02309990,0.07463228,1,Phase1-拓荒,0.000000,5e-05
src64-64_raq2-64_distill_ch64-128_gpu3-20260625-103347,10,0.08565348,0.20892907,0.02826405,0.07241779,0.02549319,0.07241779,1,Phase1-拓荒,0.000000,5e-05
src64-64_raq2-64_distill_ch64-128_gpu3-20260625-103347,11,0.08261920,0.19592831,0.02671289,0.07131654,0.02570631,0.07131654,1,Phase1-拓荒,0.000000,5e-05
src64-64_raq2-64_distill_ch64-128_gpu3-20260625-103347,12,0.08230491,0.20088344,0.02774790,0.07061521,0.02467483,0.07061521,1,Phase1-拓荒,0.000000,5e-05
src64-64_raq2-64_distill_ch64-128_gpu3-20260625-103347,13,0.07887586,0.18886050,0.02621394,0.06719141,0.02306414,0.06719141,1,Phase1-拓荒,0.000000,5e-05
src64-64_raq2-64_distill_ch64-128_gpu3-20260625-103347,14,0.07904426,0.19483291,0.02753042,0.07025141,0.02511513,0.06719141,0,Phase1-拓荒,0.000000,5e-05
src64-64_raq2-64_distill_ch64-128_gpu3-20260625-103347,15,0.07715124,0.19227293,0.02752208,0.06459547,0.02403924,0.06459547,1,Phase1-拓荒,0.000000,5e-05
src64-64_raq2-64_distill_ch64-128_gpu3-20260625-103347,16,0.07560881,0.18608348,0.02636908,0.06290139,0.02289673,0.06290139,1,Phase1-拓荒,0.000000,5e-05
src64-64_raq2-64_distill_ch64-128_gpu3-20260625-103347,17,0.07443947,0.18389441,0.02630471,0.06529168,0.02329562,0.06290139,0,Phase1-拓荒,0.000000,5e-05
src64-64_raq2-64_distill_ch64-128_gpu3-20260625-103347,18,0.07297218,0.18128344,0.02580320,0.06305570,0.02345937,0.06290139,0,Phase1-拓荒,0.000000,5e-05
src64-64_raq2-64_distill_ch64-128_gpu3-20260625-103347,19,0.07199669,0.18226699,0.02623879,0.06426611,0.02532552,0.06290139,0,Phase1-拓荒,0.000000,5e-05
src64-64_raq2-64_distill_ch64-128_gpu3-20260625-103347,20,0.07161963,0.18409087,0.02620383,0.06065541,0.02309711,0.06065541,1,Phase1-拓荒,0.000000,5e-05
src64-64_raq2-64_distill_ch64-128_gpu3-20260625-103347,21,0.07094163,0.18511688,0.02668692,0.06429152,0.02583934,0.06065541,0,Phase2-退火(0%),0.000000,5e-05
src64-64_raq2-64_distill_ch64-128_gpu3-20260625-103347,22,0.06902130,0.17516324,0.02531592,0.06255251,0.02383238,0.06065541,0,Phase2-退火(2%),0.000000,5e-05
src64-64_raq2-64_distill_ch64-128_gpu3-20260625-103347,23,0.06705407,0.16941697,0.02409207,0.05802347,0.02260986,0.05802347,1,Phase2-退火(3%),0.000000,5e-05
src64-64_raq2-64_distill_ch64-128_gpu3-20260625-103347,24,0.06632165,0.16807310,0.02390077,0.05938471,0.02521404,0.05802347,0,Phase2-退火(5%),0.000000,5e-05
src64-64_raq2-64_distill_ch64-128_gpu3-20260625-103347,25,0.06609858,0.17303215,0.02474718,0.06061273,0.02453902,0.05802347,0,Phase2-退火(7%),0.000000,5e-05
src64-64_raq2-64_distill_ch64-128_gpu3-20260625-103347,26,0.06558208,0.17387113,0.02464622,0.06063243,0.02339460,0.05802347,0,Phase2-退火(8%),0.000000,5e-05
src64-64_raq2-64_distill_ch64-128_gpu3-20260625-103347,27,0.06450482,0.16923892,0.02396399,0.05576852,0.02187292,0.05576852,1,Phase2-退火(10%),0.000000,5e-05
src64-64_raq2-64_distill_ch64-128_gpu3-20260625-103347,28,0.06402680,0.16983956,0.02430606,0.05433733,0.02215573,0.05433733,1,Phase2-退火(12%),0.000000,5e-05
src64-64_raq2-64_distill_ch64-128_gpu3-20260625-103347,29,0.06331633,0.17178166,0.02455248,0.05584999,0.02207710,0.05433733,0,Phase2-退火(13%),0.000000,5e-05
src64-64_raq2-64_distill_ch64-128_gpu3-20260625-103347,30,0.06293946,0.17326784,0.02488980,0.05514263,0.02356181,0.05433733,0,Phase2-退火(15%),0.000000,5e-05
src64-64_raq2-64_distill_ch64-128_gpu3-20260625-103347,31,0.06231873,0.17176887,0.02425699,0.05841412,0.02574689,0.05433733,0,Phase2-退火(17%),0.000000,5e-05
src64-64_raq2-64_distill_ch64-128_gpu3-20260625-103347,32,0.06224280,0.17432217,0.02461826,0.05475763,0.02437154,0.05433733,0,Phase2-退火(18%),0.000000,5e-05
src64-64_raq2-64_distill_ch64-128_gpu3-20260625-103347,33,0.06133382,0.17425219,0.02467649,0.05509718,0.02497275,0.05433733,0,Phase2-退火(20%),0.000000,5e-05
src64-64_raq2-64_distill_ch64-128_gpu3-20260625-103347,34,0.06204542,0.18597719,0.02686447,0.05771551,0.02541442,0.05433733,0,Phase2-退火(22%),0.000000,5e-05
src64-64_raq2-64_distill_ch64-128_gpu3-20260625-103347,35,0.06074832,0.17470390,0.02474255,0.05505935,0.02470838,0.05433733,0,Phase2-退火(23%),0.000000,5e-05
src64-64_raq2-64_distill_ch64-128_gpu3-20260625-103347,36,0.05963322,0.17218990,0.02534856,0.05701317,0.02906455,0.05433733,0,Phase2-退火(25%),0.000000,5e-05
src64-64_raq2-64_distill_ch64-128_gpu3-20260625-103347,37,0.05948028,0.17466773,0.02607974,0.05380365,0.02671548,0.05380365,1,Phase2-退火(27%),0.000000,5e-05
src64-64_raq2-64_distill_ch64-128_gpu3-20260625-103347,38,0.05888524,0.17271362,0.02575475,0.05147123,0.02589393,0.05147123,1,Phase2-退火(28%),0.000000,5e-05
src64-64_raq2-64_distill_ch64-128_gpu3-20260625-103347,39,0.05865857,0.17619902,0.02647244,0.05374598,0.02694916,0.05147123,0,Phase2-退火(30%),0.000000,5e-05
src64-64_raq2-64_distill_ch64-128_gpu3-20260625-103347,40,0.05800207,0.17118886,0.02558563,0.05326093,0.02742910,0.05147123,0,Phase2-退火(32%),0.000000,5e-05
src64-64_raq2-64_distill_ch64-128_gpu3-20260625-103347,41,0.05712609,0.16725451,0.02510933,0.05485705,0.02853436,0.05147123,0,Phase2-退火(33%),0.000000,5e-05
src64-64_raq2-64_distill_ch64-128_gpu3-20260625-103347,42,0.05800295,0.17978023,0.02709650,0.05341917,0.02569961,0.05147123,0,Phase2-退火(35%),0.000000,5e-05
src64-64_raq2-64_distill_ch64-128_gpu3-20260625-103347,43,0.05727534,0.18027631,0.02756334,0.05181972,0.02713964,0.05147123,0,Phase2-退火(37%),0.000000,5e-05
src64-64_raq2-64_distill_ch64-128_gpu3-20260625-103347,44,0.05700132,0.17558570,0.02653218,0.05546563,0.03052077,0.05147123,0,Phase2-退火(38%),0.000000,5e-05
src64-64_raq2-64_distill_ch64-128_gpu3-20260625-103347,45,0.05648283,0.17877485,0.02732997,0.05065472,0.02549140,0.05065472,1,Phase2-退火(40%),0.000000,5e-05
src64-64_raq2-64_distill_ch64-128_gpu3-20260625-103347,46,0.05586935,0.17454763,0.02645982,0.05249234,0.02547537,0.05065472,0,Phase2-退火(42%),0.000000,5e-05
src64-64_raq2-64_distill_ch64-128_gpu3-20260625-103347,47,0.05577693,0.17367072,0.02644594,0.05233481,0.02691715,0.05065472,0,Phase2-退火(43%),0.000000,5e-05
src64-64_raq2-64_distill_ch64-128_gpu3-20260625-103347,48,0.05542426,0.17531282,0.02656501,0.04916286,0.02380067,0.04916286,1,Phase2-退火(45%),0.000000,5e-05
src64-64_raq2-64_distill_ch64-128_gpu3-20260625-103347,49,0.05537740,0.17550443,0.02654609,0.05373209,0.02848388,0.04916286,0,Phase2-退火(47%),0.000000,5e-05
src64-64_raq2-64_distill_ch64-128_gpu3-20260625-103347,50,0.05528470,0.18223719,0.02783457,0.04997326,0.02444832,0.04916286,0,Phase2-退火(48%),0.000000,5e-05
src64-64_raq2-64_distill_ch64-128_gpu3-20260625-103347,51,0.05463008,0.17885570,0.02719111,0.05174273,0.02709217,0.04916286,0,Phase2-退火(50%),0.000000,5e-05
src64-64_raq2-64_distill_ch64-128_gpu3-20260625-103347,52,0.05425398,0.17498864,0.02628874,0.05187292,0.02663615,0.04916286,0,Phase2-退火(52%),0.000000,5e-05
src64-64_raq2-64_distill_ch64-128_gpu3-20260625-103347,53,0.05388333,0.17833115,0.02724583,0.04957011,0.02539083,0.04916286,0,Phase2-退火(53%),0.000000,5e-05
src64-64_raq2-64_distill_ch64-128_gpu3-20260625-103347,54,0.05403801,0.17993811,0.02739188,0.04939320,0.02423002,0.04916286,0,Phase2-退火(55%),0.000000,5e-05
src64-64_raq2-64_distill_ch64-128_gpu3-20260625-103347,55,0.05329929,0.17450355,0.02620757,0.05048108,0.02620690,0.04916286,0,Phase2-退火(57%),0.000000,5e-05
src64-64_raq2-64_distill_ch64-128_gpu3-20260625-103347,56,0.05319116,0.17956872,0.02717201,0.04974165,0.02733735,0.04916286,0,Phase2-退火(58%),0.000000,5e-05
src64-64_raq2-64_distill_ch64-128_gpu3-20260625-103347,57,0.05212257,0.16994265,0.02547536,0.04815295,0.02392033,0.04815295,1,Phase2-退火(60%),0.000000,5e-05
src64-64_raq2-64_distill_ch64-128_gpu3-20260625-103347,58,0.05272201,0.17909147,0.02698163,0.04747309,0.02394793,0.04747309,1,Phase2-退火(62%),0.000000,5e-05
src64-64_raq2-64_distill_ch64-128_gpu3-20260625-103347,59,0.05189942,0.17481277,0.02634547,0.04780665,0.02469683,0.04747309,0,Phase2-退火(63%),0.000000,5e-05
src64-64_raq2-64_distill_ch64-128_gpu3-20260625-103347,60,0.05186827,0.17522528,0.02649967,0.04962885,0.02709669,0.04747309,0,Phase2-退火(65%),0.000000,5e-05
src64-64_raq2-64_distill_ch64-128_gpu3-20260625-103347,61,0.05190738,0.17977330,0.02713668,0.04931582,0.02646220,0.04747309,0,Phase2-退火(67%),0.000000,5e-05
src64-64_raq2-64_distill_ch64-128_gpu3-20260625-103347,62,0.05103665,0.17367524,0.02652903,0.04763619,0.02462331,0.04747309,0,Phase2-退火(68%),0.000000,5e-05
src64-64_raq2-64_distill_ch64-128_gpu3-20260625-103347,63,0.05043682,0.17178782,0.02604600,0.04592839,0.02271098,0.04592839,1,Phase2-退火(70%),0.000000,5e-05
src64-64_raq2-64_distill_ch64-128_gpu3-20260625-103347,64,0.05026973,0.16845446,0.02553049,0.04767658,0.02576665,0.04592839,0,Phase2-退火(72%),0.000000,5e-05
src64-64_raq2-64_distill_ch64-128_gpu3-20260625-103347,65,0.05059710,0.17513258,0.02667819,0.04986050,0.02870542,0.04592839,0,Phase2-退火(73%),0.000000,5e-05
src64-64_raq2-64_distill_ch64-128_gpu3-20260625-103347,66,0.04982053,0.17262393,0.02619149,0.04562500,0.02158920,0.04562500,1,Phase2-退火(75%),0.000000,5e-05
src64-64_raq2-64_distill_ch64-128_gpu3-20260625-103347,67,0.04973706,0.17311529,0.02634765,0.04842140,0.02750150,0.04562500,0,Phase2-退火(77%),0.000000,5e-05
src64-64_raq2-64_distill_ch64-128_gpu3-20260625-103347,68,0.04923619,0.17045092,0.02618798,0.04787825,0.02508638,0.04562500,0,Phase2-退火(78%),0.000000,5e-05
src64-64_raq2-64_distill_ch64-128_gpu3-20260625-103347,69,0.04921857,0.17140885,0.02643785,0.04704334,0.02364387,0.04562500,0,Phase2-退火(80%),0.000000,5e-05
src64-64_raq2-64_distill_ch64-128_gpu3-20260625-103347,70,0.04908271,0.17297184,0.02699467,0.04799525,0.02761420,0.04562500,0,Phase2-退火(82%),0.000000,5e-05
src64-64_raq2-64_distill_ch64-128_gpu3-20260625-103347,71,0.04868839,0.17004809,0.02645959,0.04830112,0.02573987,0.04562500,0,Phase2-退火(83%),0.000000,5e-05
src64-64_raq2-64_distill_ch64-128_gpu3-20260625-103347,72,0.04808267,0.16714887,0.02592341,0.04805876,0.02475943,0.04562500,0,Phase2-退火(85%),0.000000,5e-05
src64-64_raq2-64_distill_ch64-128_gpu3-20260625-103347,73,0.04795556,0.16492510,0.02565778,0.04756316,0.02846773,0.04562500,0,Phase2-退火(87%),0.000000,5e-05
src64-64_raq2-64_distill_ch64-128_gpu3-20260625-103347,74,0.04841355,0.17591156,0.02771962,0.04650810,0.02806464,0.04562500,0,Phase2-退火(88%),0.000000,5e-05
src64-64_raq2-64_distill_ch64-128_gpu3-20260625-103347,75,0.04770036,0.16800923,0.02631498,0.04667452,0.02555515,0.04562500,0,Phase2-退火(90%),0.000000,5e-05
src64-64_raq2-64_distill_ch64-128_gpu3-20260625-103347,76,0.04753408,0.16990322,0.02672695,0.04565863,0.02407999,0.04562500,0,Phase2-退火(92%),0.000000,5e-05
src64-64_raq2-64_distill_ch64-128_gpu3-20260625-103347,77,0.04691075,0.16672137,0.02619712,0.04759198,0.02993527,0.04562500,0,Phase2-退火(93%),0.000000,5e-05
src64-64_raq2-64_distill_ch64-128_gpu3-20260625-103347,78,0.04750998,0.17614031,0.02783995,0.04747603,0.02795427,0.04562500,0,Phase2-退火(95%),0.000000,5e-05
src64-64_raq2-64_distill_ch64-128_gpu3-20260625-103347,79,0.04678802,0.16978915,0.02686719,0.04798677,0.02751795,0.04562500,0,Phase2-退火(97%),0.000000,5e-05
src64-64_raq2-64_distill_ch64-128_gpu3-20260625-103347,80,0.04663400,0.17152956,0.02713186,0.04527082,0.02680542,0.04527082,1,Phase2-退火(98%),0.000000,5e-05
src64-64_raq2-64_distill_ch64-128_gpu3-20260625-103347,81,0.04652493,0.17365390,0.02761086,0.04822010,0.02837497,0.04527082,0,Phase3-微调,0.000000,5e-05
src64-64_raq2-64_distill_ch64-128_gpu3-20260625-103347,82,0.04614744,0.17163378,0.02716158,0.04556615,0.02503993,0.04527082,0,Phase3-微调,0.025000,5e-05
src64-64_raq2-64_distill_ch64-128_gpu3-20260625-103347,83,0.04578963,0.16611605,0.02625681,0.04745458,0.03114704,0.04527082,0,Phase3-微调,0.050000,5e-05
src64-64_raq2-64_distill_ch64-128_gpu3-20260625-103347,84,0.04549155,0.16518403,0.02616821,0.04701922,0.02890902,0.04527082,0,Phase3-微调,0.075000,5e-05
src64-64_raq2-64_distill_ch64-128_gpu3-20260625-103347,85,0.04581298,0.16855672,0.02687500,0.04451143,0.02407234,0.04451143,1,Phase3-微调,0.100000,5e-05
src64-64_raq2-64_distill_ch64-128_gpu3-20260625-103347,86,0.04631869,0.17550470,0.02821659,0.04431913,0.02457038,0.04431913,1,Phase3-微调,0.125000,5e-05
src64-64_raq2-64_distill_ch64-128_gpu3-20260625-103347,87,0.04470380,0.16027186,0.02540490,0.04405191,0.02478430,0.04405191,1,Phase3-微调,0.150000,5e-05
src64-64_raq2-64_distill_ch64-128_gpu3-20260625-103347,88,0.04585831,0.17266602,0.02769374,0.05333519,0.02763343,0.04405191,0,Phase3-微调,0.175000,5e-05
src64-64_raq2-64_distill_ch64-128_gpu3-20260625-103347,89,0.04509763,0.16606752,0.02649841,0.04561623,0.02554427,0.04405191,0,Phase3-微调,0.200000,5e-05
src64-64_raq2-64_distill_ch64-128_gpu3-20260625-103347,90,0.04492199,0.16477988,0.02622396,0.04744017,0.03166860,0.04405191,0,Phase3-微调,0.225000,5e-05
src64-64_raq2-64_distill_ch64-128_gpu3-20260625-103347,91,0.04510613,0.16680783,0.02651261,0.04415235,0.02487819,0.04405191,0,Phase3-微调,0.250000,5e-05
src64-64_raq2-64_distill_ch64-128_gpu3-20260625-103347,92,0.04482711,0.16527379,0.02637192,0.04472455,0.02530510,0.04405191,0,Phase3-微调,0.275000,5e-05
src64-64_raq2-64_distill_ch64-128_gpu3-20260625-103347,93,0.04505094,0.16712405,0.02667376,0.04613148,0.02962451,0.04405191,0,Phase3-微调,0.300000,5e-05
src64-64_raq2-64_distill_ch64-128_gpu3-20260625-103347,94,0.04580537,0.17806425,0.02866879,0.04472599,0.02655107,0.04405191,0,Phase3-微调,0.325000,5e-05
src64-64_raq2-64_distill_ch64-128_gpu3-20260625-103347,95,0.04490671,0.16943042,0.02703120,0.04551166,0.02846110,0.04405191,0,Phase3-微调,0.350000,5e-05
src64-64_raq2-64_distill_ch64-128_gpu3-20260625-103347,96,0.04501036,0.17095622,0.02738519,0.04437607,0.02615088,0.04405191,0,Phase3-微调,0.375000,5e-05
src64-64_raq2-64_distill_ch64-128_gpu3-20260625-103347,97,0.04499839,0.17315887,0.02769462,0.04827253,0.02558401,0.04405191,0,Phase3-微调,0.400000,5e-05
src64-64_raq2-64_distill_ch64-128_gpu3-20260625-103347,98,0.04468995,0.16860596,0.02690344,0.04581609,0.02677291,0.04405191,0,Phase3-微调,0.425000,5e-05
src64-64_raq2-64_distill_ch64-128_gpu3-20260625-103347,99,0.04554836,0.17875460,0.02880991,0.04360394,0.02521136,0.04360394,1,Phase3-微调,0.450000,5e-05
src64-64_raq2-64_distill_ch64-128_gpu3-20260625-103347,100,0.04461787,0.17025759,0.02727627,0.04447324,0.02529504,0.04360394,0,Phase3-微调,0.475000,2.5e-05
src64-64_raq2-64_distill_ch64-128_gpu3-20260625-103347,101,0.04314537,0.16755184,0.02675539,0.04341942,0.02622745,0.04341942,1,Phase3-微调,0.500000,2.5e-05
src64-64_raq2-64_distill_ch64-128_gpu3-20260625-103347,102,0.04339925,0.17132210,0.02734762,0.04191594,0.02480130,0.04191594,1,Phase3-微调,0.525000,2.5e-05
src64-64_raq2-64_distill_ch64-128_gpu3-20260625-103347,103,0.04273514,0.16423834,0.02584449,0.04237340,0.02437268,0.04191594,0,Phase3-微调,0.550000,2.5e-05
src64-64_raq2-64_distill_ch64-128_gpu3-20260625-103347,104,0.04254622,0.16252377,0.02564068,0.04363476,0.02621548,0.04191594,0,Phase3-微调,0.575000,2.5e-05
src64-64_raq2-64_distill_ch64-128_gpu3-20260625-103347,105,0.04292488,0.16503752,0.02604629,0.04400954,0.02627500,0.04191594,0,Phase3-微调,0.600000,2.5e-05
src64-64_raq2-64_distill_ch64-128_gpu3-20260625-103347,106,0.04318446,0.17063336,0.02700398,0.04276845,0.02511870,0.04191594,0,Phase3-微调,0.625000,2.5e-05
src64-64_raq2-64_distill_ch64-128_gpu3-20260625-103347,107,0.04348168,0.17341400,0.02752325,0.04234027,0.02611921,0.04191594,0,Phase3-微调,0.650000,2.5e-05
src64-64_raq2-64_distill_ch64-128_gpu3-20260625-103347,108,0.04316397,0.17120508,0.02712775,0.04326392,0.02753221,0.04191594,0,Phase3-微调,0.675000,2.5e-05
src64-64_raq2-64_distill_ch64-128_gpu3-20260625-103347,109,0.04351446,0.17562478,0.02780601,0.04206722,0.02452677,0.04191594,0,Phase3-微调,0.700000,2.5e-05
src64-64_raq2-64_distill_ch64-128_gpu3-20260625-103347,110,0.04259668,0.16680480,0.02619278,0.04304215,0.02777777,0.04191594,0,Phase3-微调,0.725000,2.5e-05
src64-64_raq2-64_distill_ch64-128_gpu3-20260625-103347,111,0.04324312,0.17471990,0.02764780,0.04074065,0.02248847,0.04074065,1,Phase3-微调,0.750000,2.5e-05
src64-64_raq2-64_distill_ch64-128_gpu3-20260625-103347,112,0.04287487,0.17075593,0.02692508,0.04146384,0.02407556,0.04074065,0,Phase3-微调,0.775000,2.5e-05
src64-64_raq2-64_distill_ch64-128_gpu3-20260625-103347,113,0.04322321,0.17607780,0.02796745,0.04335573,0.02888626,0.04074065,0,Phase3-微调,0.800000,2.5e-05
src64-64_raq2-64_distill_ch64-128_gpu3-20260625-103347,114,0.04261779,0.16853848,0.02639960,0.04358543,0.02907597,0.04074065,0,Phase3-微调,0.825000,2.5e-05
src64-64_raq2-64_distill_ch64-128_gpu3-20260625-103347,115,0.04318352,0.17694721,0.02794562,0.04279688,0.02665165,0.04074065,0,Phase3-微调,0.850000,2.5e-05
src64-64_raq2-64_distill_ch64-128_gpu3-20260625-103347,116,0.04265350,0.16966542,0.02658754,0.04278800,0.02608120,0.04074065,0,Phase3-微调,0.875000,2.5e-05
src64-64_raq2-64_distill_ch64-128_gpu3-20260625-103347,117,0.04241988,0.17001641,0.02664032,0.04355978,0.02649785,0.04074065,0,Phase3-微调,0.900000,2.5e-05
src64-64_raq2-64_distill_ch64-128_gpu3-20260625-103347,118,0.04238123,0.16698690,0.02606201,0.04279493,0.02796274,0.04074065,0,Phase3-微调,0.925000,2.5e-05
src64-64_raq2-64_distill_ch64-128_gpu3-20260625-103347,119,0.04329029,0.18047920,0.02851920,0.04293296,0.02716068,0.04074065,0,Phase3-微调,0.950000,2.5e-05
src64-64_raq2-64_distill_ch64-128_gpu3-20260625-103347,120,0.04305324,0.17731745,0.02783657,0.04232015,0.02707602,0.04074065,0,Phase3-微调,0.975000,2.5e-05
src64-64_raq2-64_distill_ch64-128_gpu3-20260625-103347,121,0.04270586,0.17318495,0.02716123,0.04244906,0.02767151,0.04074065,0,Phase3-微调,1.000000,2.5e-05
src64-64_raq2-64_distill_ch64-128_gpu3-20260625-103347,122,0.04320660,0.17850346,0.02799095,0.04191930,0.02629318,0.04074065,0,Phase3-微调,1.000000,2.5e-05
src64-64_raq2-64_distill_ch64-128_gpu3-20260625-103347,123,0.04272264,0.17583337,0.02757449,0.04398712,0.03008055,0.04074065,0,Phase3-微调,1.000000,2.5e-05
src64-64_raq2-64_distill_ch64-128_gpu3-20260625-103347,124,0.04212436,0.16769034,0.02599358,0.04398846,0.02783499,0.04074065,0,Phase3-微调,1.000000,2.5e-05
src64-64_raq2-64_distill_ch64-128_gpu3-20260625-103347,125,0.04328682,0.18008692,0.02830810,0.04345555,0.03022568,0.04074065,0,Phase3-微调,1.000000,2.5e-05
src64-64_raq2-64_distill_ch64-128_gpu3-20260625-103347,126,0.04209419,0.16960103,0.02625818,0.04380634,0.02892014,0.04074065,0,Phase3-微调,1.000000,2.5e-05
src64-64_raq2-64_distill_ch64-128_gpu3-20260625-103347,127,0.04290694,0.17780507,0.02797892,0.04363043,0.02954502,0.04074065,0,Phase3-微调,1.000000,2.5e-05
src64-64_raq2-64_distill_ch64-128_gpu3-20260625-103347,128,0.04235492,0.17343965,0.02694673,0.04162108,0.02520346,0.04074065,0,Phase3-微调,1.000000,2.5e-05
src64-64_raq2-64_distill_ch64-128_gpu3-20260625-103347,129,0.04186901,0.16818367,0.02608744,0.04454140,0.02620102,0.04074065,0,Phase3-微调,1.000000,2.5e-05
src64-64_raq2-64_distill_ch64-128_gpu3-20260625-103347,130,0.04235814,0.17215491,0.02671927,0.04209908,0.02369725,0.04074065,0,Phase3-微调,1.000000,2.5e-05
src64-64_raq2-64_distill_ch64-128_gpu3-20260625-103347,131,0.04206206,0.16965014,0.02624808,0.04383864,0.02926187,0.04074065,0,Phase3-微调,1.000000,2.5e-05
src64-64_raq2-64_distill_ch64-128_gpu3-20260625-103347,132,0.04138070,0.16472487,0.02533076,0.04267360,0.02459442,0.04074065,0,Phase3-微调,1.000000,2.5e-05
src64-64_raq2-64_distill_ch64-128_gpu3-20260625-103347,133,0.04239145,0.17404360,0.02713468,0.04275208,0.02675458,0.04074065,0,Phase3-微调,1.000000,2.5e-05
src64-64_raq2-64_distill_ch64-128_gpu3-20260625-103347,134,0.04227108,0.17427272,0.02706283,0.04195329,0.02395592,0.04074065,0,Phase3-微调,1.000000,2.5e-05
src64-64_raq2-64_distill_ch64-128_gpu3-20260625-103347,135,0.04250412,0.17686788,0.02765679,0.04270225,0.02810981,0.04074065,0,Phase3-微调,1.000000,2.5e-05
src64-64_raq2-64_distill_ch64-128_gpu3-20260625-103347,136,0.04249587,0.17766284,0.02771075,0.04175065,0.02504528,0.04074065,0,Phase3-微调,1.000000,2.5e-05
src64-64_raq2-64_distill_ch64-128_gpu3-20260625-103347,137,0.04208370,0.17426130,0.02702170,0.04201069,0.02538868,0.04074065,0,Phase3-微调,1.000000,2.5e-05
src64-64_raq2-64_distill_ch64-128_gpu3-20260625-103347,138,0.04229889,0.17695170,0.02746753,0.04325153,0.02764360,0.04074065,0,Phase3-微调,1.000000,2.5e-05
src64-64_raq2-64_distill_ch64-128_gpu3-20260625-103347,139,0.04217100,0.17498810,0.02713024,0.04161773,0.02647602,0.04074065,0,Phase3-微调,1.000000,2.5e-05
src64-64_raq2-64_distill_ch64-128_gpu3-20260625-103347,140,0.04204040,0.17471664,0.02712570,0.04186632,0.02511041,0.04074065,0,Phase3-微调,1.000000,2.5e-05
src64-64_raq2-64_distill_ch64-128_gpu3-20260625-103347,141,0.04197824,0.17452607,0.02696963,0.04192434,0.02687223,0.04074065,0,Phase3-微调,1.000000,2.5e-05
src64-64_raq2-64_distill_ch64-128_gpu3-20260625-103347,142,0.04189222,0.17266255,0.02661344,0.04667077,0.03207222,0.04074065,0,Phase3-微调,1.000000,2.5e-05
src64-64_raq2-64_distill_ch64-128_gpu3-20260625-103347,143,0.04222097,0.17812218,0.02759330,0.04254879,0.02782567,0.04074065,0,Phase3-微调,1.000000,2.5e-05
src64-64_raq2-64_distill_ch64-128_gpu3-20260625-103347,144,0.04180054,0.17348931,0.02671112,0.04211655,0.02560858,0.04074065,0,Phase3-微调,1.000000,2.5e-05
src64-64_raq2-64_distill_ch64-128_gpu3-20260625-103347,145,0.04151341,0.16988558,0.02606579,0.04173241,0.02563937,0.04074065,0,Phase3-微调,1.000000,2.5e-05
src64-64_raq2-64_distill_ch64-128_gpu3-20260625-103347,146,0.04192591,0.17215268,0.02659617,0.04604367,0.03032581,0.04074065,0,Phase3-微调,1.000000,2.5e-05
src64-64_raq2-64_distill_ch64-128_gpu3-20260625-103347,147,0.04172133,0.17441094,0.02680700,0.04259498,0.02709193,0.04074065,0,Phase3-微调,1.000000,2.5e-05
src64-64_raq2-64_distill_ch64-128_gpu3-20260625-103347,148,0.04158179,0.17037656,0.02616379,0.04259122,0.02968307,0.04074065,0,Phase3-微调,1.000000,2.5e-05
src64-64_raq2-64_distill_ch64-128_gpu3-20260625-103347,149,0.04205391,0.17763560,0.02747544,0.04217641,0.02667890,0.04074065,0,Phase3-微调,1.000000,2.5e-05
src64-64_raq2-64_distill_ch64-128_gpu3-20260625-103347,150,0.04196982,0.17561096,0.02709548,0.04249260,0.02793083,0.04074065,0,Phase3-微调,1.000000,2.5e-05
src64-64_raq2-64_distill_ch64-128_gpu3-20260625-103347,151,0.04172739,0.17480669,0.02700630,0.04212234,0.02739308,0.04074065,0,Phase3-微调,1.000000,2.5e-05
src64-64_raq2-64_distill_ch64-128_gpu3-20260625-103347,152,0.04153240,0.17229038,0.02648308,0.04218591,0.02735466,0.04074065,0,Phase3-微调,1.000000,2.5e-05
src64-64_raq2-64_distill_ch64-128_gpu3-20260625-103347,153,0.04198371,0.17763848,0.02748643,0.04111470,0.02582445,0.04074065,0,Phase3-微调,1.000000,2.5e-05
src64-64_raq2-64_distill_ch64-128_gpu3-20260625-103347,154,0.04145812,0.17249149,0.02646129,0.04096377,0.02365116,0.04074065,0,Phase3-微调,1.000000,2.5e-05
src64-64_raq2-64_distill_ch64-128_gpu3-20260625-103347,155,0.04168759,0.17226904,0.02632558,0.04265922,0.02860526,0.04074065,0,Phase3-微调,1.000000,2.5e-05
src64-64_raq2-64_distill_ch64-128_gpu3-20260625-103347,156,0.04165071,0.17577308,0.02713005,0.04040702,0.02384946,0.04040702,1,Phase3-微调,1.000000,2.5e-05
src64-64_raq2-64_distill_ch64-128_gpu3-20260625-103347,157,0.04131980,0.17306942,0.02652259,0.04102287,0.02438458,0.04040702,0,Phase3-微调,1.000000,2.5e-05
src64-64_raq2-64_distill_ch64-128_gpu3-20260625-103347,158,0.04180977,0.17868951,0.02769420,0.04096082,0.02635173,0.04040702,0,Phase3-微调,1.000000,2.5e-05
src64-64_raq2-64_distill_ch64-128_gpu3-20260625-103347,159,0.04161513,0.17631011,0.02726122,0.04267058,0.02568706,0.04040702,0,Phase3-微调,1.000000,2.5e-05
src64-64_raq2-64_distill_ch64-128_gpu3-20260625-103347,160,0.04141150,0.17460941,0.02676056,0.04250234,0.02643878,0.04040702,0,Phase3-微调,1.000000,2.5e-05
src64-64_raq2-64_distill_ch64-128_gpu3-20260625-103347,161,0.04181935,0.18046138,0.02788521,0.04125102,0.02498382,0.04040702,0,Phase3-微调,1.000000,2.5e-05
src64-64_raq2-64_distill_ch64-128_gpu3-20260625-103347,162,0.04149905,0.17480665,0.02690480,0.04298741,0.02782163,0.04040702,0,Phase3-微调,1.000000,2.5e-05
src64-64_raq2-64_distill_ch64-128_gpu3-20260625-103347,163,0.04126312,0.17244059,0.02643229,0.04175342,0.02641860,0.04040702,0,Phase3-微调,1.000000,2.5e-05
src64-64_raq2-64_distill_ch64-128_gpu3-20260625-103347,164,0.04106715,0.17233574,0.02632897,0.04041406,0.02422994,0.04040702,0,Phase3-微调,1.000000,2.5e-05
src64-64_raq2-64_distill_ch64-128_gpu3-20260625-103347,165,0.04120110,0.17248883,0.02637228,0.04236959,0.02967891,0.04040702,0,Phase3-微调,1.000000,2.5e-05
src64-64_raq2-64_distill_ch64-128_gpu3-20260625-103347,166,0.04137907,0.17585719,0.02701509,0.04184957,0.02636357,0.04040702,0,Phase3-微调,1.000000,2.5e-05
src64-64_raq2-64_distill_ch64-128_gpu3-20260625-103347,167,0.04157571,0.17837239,0.02742494,0.04309282,0.02972658,0.04040702,0,Phase3-微调,1.000000,2.5e-05
src64-64_raq2-64_distill_ch64-128_gpu3-20260625-103347,168,0.04153722,0.17908167,0.02756207,0.04394946,0.02888106,0.04040702,0,Phase3-微调,1.000000,2.5e-05
src64-64_raq2-64_distill_ch64-128_gpu3-20260625-103347,169,0.04113924,0.17326454,0.02636976,0.04103060,0.02598810,0.04040702,0,Phase3-微调,1.000000,2.5e-05
src64-64_raq2-64_distill_ch64-128_gpu3-20260625-103347,170,0.04082852,0.17274498,0.02638011,0.04317101,0.02666678,0.04040702,0,Phase3-微调,1.000000,2.5e-05
src64-64_raq2-64_distill_ch64-128_gpu3-20260625-103347,171,0.04168979,0.17922645,0.02743439,0.04247423,0.02905900,0.04040702,0,Phase3-微调,1.000000,2.5e-05
src64-64_raq2-64_distill_ch64-128_gpu3-20260625-103347,172,0.04133587,0.17774357,0.02716577,0.04240330,0.02544903,0.04040702,0,Phase3-微调,1.000000,2.5e-05
src64-64_raq2-64_distill_ch64-128_gpu3-20260625-103347,173,0.04070197,0.17019101,0.02578926,0.04127142,0.02429764,0.04040702,0,Phase3-微调,1.000000,2.5e-05
src64-64_raq2-64_distill_ch64-128_gpu3-20260625-103347,174,0.04160640,0.18125105,0.02782190,0.04096295,0.02490029,0.04040702,0,Phase3-微调,1.000000,2.5e-05
src64-64_raq2-64_distill_ch64-128_gpu3-20260625-103347,175,0.04053651,0.16903353,0.02562093,0.04140779,0.02715949,0.04040702,0,Phase3-微调,1.000000,2.5e-05
src64-64_raq2-64_distill_ch64-128_gpu3-20260625-103347,176,0.04125898,0.17785178,0.02732763,0.03985224,0.02374653,0.03985224,1,Phase3-微调,1.000000,2.5e-05
src64-64_raq2-64_distill_ch64-128_gpu3-20260625-103347,177,0.04121046,0.17637361,0.02695635,0.04151949,0.02828435,0.03985224,0,Phase3-微调,1.000000,2.5e-05
src64-64_raq2-64_distill_ch64-128_gpu3-20260625-103347,178,0.03987540,0.16283652,0.02447556,0.04018403,0.02479939,0.03985224,0,Phase3-微调,1.000000,2.5e-05
src64-64_raq2-64_distill_ch64-128_gpu3-20260625-103347,179,0.04122871,0.17699693,0.02705491,0.04062354,0.02511196,0.03985224,0,Phase3-微调,1.000000,2.5e-05
src64-64_raq2-64_distill_ch64-128_gpu3-20260625-103347,180,0.04152206,0.18103982,0.02776382,0.04023482,0.02300755,0.03985224,0,Phase3-微调,1.000000,2.5e-05
src64-64_raq2-64_distill_ch64-128_gpu3-20260625-103347,181,0.04133902,0.18024679,0.02753976,0.04161923,0.02490622,0.03985224,0,Phase3-微调,1.000000,2.5e-05
src64-64_raq2-64_distill_ch64-128_gpu3-20260625-103347,182,0.04155744,0.18314682,0.02808596,0.04100233,0.02624086,0.03985224,0,Phase3-微调,1.000000,2.5e-05
src64-64_raq2-64_distill_ch64-128_gpu3-20260625-103347,183,0.04130137,0.17933419,0.02744841,0.04128481,0.02634046,0.03985224,0,Phase3-微调,1.000000,2.5e-05
src64-64_raq2-64_distill_ch64-128_gpu3-20260625-103347,184,0.04128163,0.18137340,0.02768499,0.04036841,0.02507770,0.03985224,0,Phase3-微调,1.000000,2.5e-05
src64-64_raq2-64_distill_ch64-128_gpu3-20260625-103347,185,0.04053641,0.17122102,0.02578770,0.04222966,0.02587891,0.03985224,0,Phase3-微调,1.000000,2.5e-05
src64-64_raq2-64_distill_ch64-128_gpu3-20260625-103347,186,0.04119247,0.17893330,0.02724350,0.04107498,0.02551871,0.03985224,0,Phase3-微调,1.000000,2.5e-05
src64-64_raq2-64_distill_ch64-128_gpu3-20260625-103347,187,0.04075776,0.17407139,0.02635576,0.04125046,0.02747228,0.03985224,0,Phase3-微调,1.000000,2.5e-05
src64-64_raq2-64_distill_ch64-128_gpu3-20260625-103347,188,0.04063559,0.17422230,0.02634296,0.04067689,0.02425846,0.03985224,0,Phase3-微调,1.000000,2.5e-05
src64-64_raq2-64_distill_ch64-128_gpu3-20260625-103347,189,0.04075868,0.17572404,0.02657942,0.04039005,0.02589518,0.03985224,0,Phase3-微调,1.000000,2.5e-05
src64-64_raq2-64_distill_ch64-128_gpu3-20260625-103347,190,0.04087309,0.17747484,0.02687449,0.04125720,0.02669442,0.03985224,0,Phase3-微调,1.000000,2.5e-05
src64-64_raq2-64_distill_ch64-128_gpu3-20260625-103347,191,0.04128941,0.18218638,0.02780456,0.04133208,0.02790390,0.03985224,0,Phase3-微调,1.000000,2.5e-05
src64-64_raq2-64_distill_ch64-128_gpu3-20260625-103347,192,0.04079908,0.17614986,0.02666770,0.04172399,0.02769003,0.03985224,0,Phase3-微调,1.000000,2.5e-05
src64-64_raq2-64_distill_ch64-128_gpu3-20260625-103347,193,0.04092714,0.17848256,0.02700948,0.04038008,0.02609125,0.03985224,0,Phase3-微调,1.000000,2.5e-05
src64-64_raq2-64_distill_ch64-128_gpu3-20260625-103347,194,0.04054333,0.17398795,0.02626635,0.04066842,0.02404735,0.03985224,0,Phase3-微调,1.000000,2.5e-05
src64-64_raq2-64_distill_ch64-128_gpu3-20260625-103347,195,0.04018499,0.17055120,0.02567407,0.03979912,0.02391607,0.03979912,1,Phase3-微调,1.000000,2.5e-05
src64-64_raq2-64_distill_ch64-128_gpu3-20260625-103347,196,0.04049340,0.17390512,0.02623329,0.04216527,0.02888563,0.03979912,0,Phase3-微调,1.000000,2.5e-05
src64-64_raq2-64_distill_ch64-128_gpu3-20260625-103347,197,0.04109181,0.18199557,0.02762167,0.04086982,0.02680207,0.03979912,0,Phase3-微调,1.000000,2.5e-05
src64-64_raq2-64_distill_ch64-128_gpu3-20260625-103347,198,0.03998811,0.16863145,0.02526146,0.04022419,0.02493732,0.03979912,0,Phase3-微调,1.000000,2.5e-05
src64-64_raq2-64_distill_ch64-128_gpu3-20260625-103347,199,0.04094421,0.17996150,0.02727921,0.04011522,0.02636333,0.03979912,0,Phase3-微调,1.000000,2.5e-05
src64-64_raq2-64_distill_ch64-128_gpu3-20260625-103347,200,0.04023732,0.17163986,0.02574719,0.03996688,0.02441322,0.03979912,0,Phase3-微调,1.000000,1.25e-05
