SNR,Bit_Budget_Range,K1,K2,K3,K4,Actual_Bits,Best_Reward
-10,700000-1800000,32,32,2048,4096,700416,0.168582
-9.9,700000-1800000,32,32,2048,4096,700416,0.167702
-9.8,700000-1800000,32,32,2048,4096,700416,0.168386
-9.7,700000-1800000,32,32,2048,4096,700416,0.169197
-9.6,700000-1800000,32,32,2048,4096,700416,0.169268
-9.5,700000-1800000,32,256,1024,4096,768000,0.165638
-9.4,700000-1800000,32,4096,1024,32,855552,0.166727
-9.3,700000-1800000,32,32,2048,4096,700416,0.1704
-9.2,700000-1800000,32,32,2048,4096,700416,0.172053
-9.1,700000-1800000,32,32,2048,4096,700416,0.172594
-9,700000-1800000,32,32,2048,4096,700416,0.173063
-8.9,700000-1800000,32,512,64,512,763392,0.169212
-8.8,700000-1800000,32,1024,64,64,783360,0.169281
-8.7,700000-1800000,32,32,2048,4096,700416,0.176315
-8.6,700000-1800000,32,32,2048,4096,700416,0.173858
-8.5,700000-1800000,32,32,2048,4096,700416,0.174907
-8.4,700000-1800000,32,4096,32,2048,834048,0.175207
-8.3,700000-1800000,32,32,2048,4096,700416,0.17666
-8.2,700000-1800000,32,32,2048,4096,700416,0.177707
-8.1,700000-1800000,512,128,64,256,1105920,0.149637
-8,700000-1800000,32,512,4096,64,795648,0.171346
-7.9,700000-1800000,64,32,2048,512,794112,0.148539
-7.8,700000-1800000,32,4096,512,64,850944,0.174628
-7.7,700000-1800000,32,32,2048,4096,700416,0.180469
-7.6,700000-1800000,32,32,2048,4096,700416,0.180913
-7.5,700000-1800000,32,512,128,4096,774144,0.176644
-7.4,700000-1800000,32,2048,1024,2048,840192,0.175093
-7.3,700000-1800000,32,32,2048,4096,700416,0.184068
-7.2,700000-1800000,32,128,256,256,724992,0.181442
-7.1,700000-1800000,32,32,2048,4096,700416,0.185673
-7,700000-1800000,32,128,64,64,709632,0.18592
-6.9,700000-1800000,128,32,32,512,855552,0.15576
-6.8,700000-1800000,32,2048,32,64,801792,0.183539
-6.7,700000-1800000,32,32,2048,4096,700416,0.189818
-6.6,700000-1800000,32,32,2048,4096,700416,0.18849
-6.5,700000-1800000,32,128,1024,32,732672,0.187999
-6.4,700000-1800000,32,128,128,64,715776,0.189661
-6.3,700000-1800000,32,32,2048,4096,700416,0.192472
-6.2,700000-1800000,32,32,2048,4096,700416,0.194007
-6.1,700000-1800000,32,32,2048,4096,700416,0.192531
-6,700000-1800000,32,4096,64,1024,838656,0.189418
-5.9,700000-1800000,32,1024,512,1024,807936,0.185357
-5.8,700000-1800000,32,256,4096,32,769536,0.19303
-5.7,700000-1800000,32,1024,2048,128,815616,0.188886
-5.6,700000-1800000,512,32,128,32,1058304,0.162116
-5.5,700000-1800000,32,32,2048,4096,700416,0.199214
-5.4,700000-1800000,32,128,512,32,726528,0.197909
-5.3,700000-1800000,32,32,2048,4096,700416,0.20194
-5.2,700000-1800000,32,128,32,256,706560,0.202563
-5.1,700000-1800000,32,32,2048,4096,700416,0.204104
-5,700000-1800000,32,32,2048,4096,700416,0.203698
-4.9,700000-1800000,32,4096,4096,4096,878592,0.1983
-4.8,700000-1800000,32,32,2048,4096,700416,0.20918
-4.7,700000-1800000,32,1024,32,128,778752,0.20381
-4.6,700000-1800000,32,32,2048,4096,700416,0.209671
-4.5,700000-1800000,32,32,2048,4096,700416,0.212499
-4.4,700000-1800000,32,32,2048,4096,700416,0.214049
-4.3,700000-1800000,512,32,64,1024,1059840,0.169649
-4.2,700000-1800000,32,32,2048,4096,700416,0.216443
-4.1,700000-1800000,32,32,2048,4096,700416,0.216945
-4,700000-1800000,32,256,32,32,726528,0.217603
-3.9,700000-1800000,32,32,2048,4096,700416,0.220462
-3.8,700000-1800000,32,32,2048,4096,700416,0.222769
-3.7,700000-1800000,32,32,2048,4096,700416,0.223518
-3.6,700000-1800000,32,32,2048,4096,700416,0.226867
-3.5,700000-1800000,32,32,2048,4096,700416,0.228126
-3.4,700000-1800000,32,32,2048,4096,700416,0.2299
-3.3,700000-1800000,32,4096,1024,64,857088,0.222003
-3.2,700000-1800000,32,128,32,32,701952,0.234204
-3.1,700000-1800000,32,64,4096,1024,728064,0.232343
-3,700000-1800000,32,32,2048,4096,700416,0.237585
-2.9,700000-1800000,32,32,2048,4096,700416,0.239915
-2.8,700000-1800000,32,32,2048,4096,700416,0.241728
-2.7,700000-1800000,32,512,128,512,769536,0.23342
-2.6,700000-1800000,32,32,2048,4096,700416,0.247677
-2.5,700000-1800000,32,32,2048,4096,700416,0.249172
-2.4,700000-1800000,32,32,2048,4096,700416,0.251412
-2.3,700000-1800000,32,32,2048,4096,700416,0.253646
-2.2,700000-1800000,32,32,2048,4096,700416,0.256312
-2.1,700000-1800000,32,32,2048,4096,700416,0.260011
-2,700000-1800000,32,32,2048,4096,700416,0.263036
-1.9,700000-1800000,32,512,32,64,752640,0.259278
-1.8,700000-1800000,32,32,2048,4096,700416,0.269668
-1.7,700000-1800000,32,64,512,1024,709632,0.26882
-1.6,700000-1800000,32,2048,1024,4096,841728,0.258675
-1.5,700000-1800000,32,32,2048,4096,700416,0.280336
-1.4,700000-1800000,32,32,2048,4096,700416,0.284875
-1.3,700000-1800000,32,32,2048,4096,700416,0.288815
-1.2,700000-1800000,32,32,2048,4096,700416,0.293799
-1.1,700000-1800000,32,32,2048,4096,700416,0.298424
-1,700000-1800000,32,32,2048,4096,700416,0.304392
-0.9,700000-1800000,32,128,1024,256,737280,0.301622
-0.8,700000-1800000,32,512,512,64,777216,0.301399
-0.7,700000-1800000,32,128,512,1024,734208,0.314309
-0.6,700000-1800000,32,512,128,256,768000,0.3138
-0.5,700000-1800000,32,32,2048,4096,700416,0.341009
-0.4,700000-1800000,32,32,2048,4096,700416,0.348763
-0.3,700000-1800000,32,32,2048,4096,700416,0.360837
-0.2,700000-1800000,32,32,2048,4096,700416,0.374014
-0.1,700000-1800000,32,64,2048,64,715776,0.383568
0,700000-1800000,32,32,2048,4096,700416,0.402971
0.1,700000-1800000,32,32,2048,4096,700416,0.419146
0.2,700000-1800000,32,32,2048,4096,700416,0.436986
0.3,700000-1800000,32,32,2048,4096,700416,0.459385
0.4,700000-1800000,32,32,2048,4096,700416,0.480775
0.5,700000-1800000,32,256,1024,4096,768000,0.4871
0.6,700000-1800000,32,256,2048,1024,771072,0.513505
0.7,700000-1800000,32,32,2048,4096,700416,0.560879
0.8,700000-1800000,32,32,2048,4096,700416,0.59013
0.9,700000-1800000,32,32,2048,4096,700416,0.623422
1,700000-1800000,32,32,2048,4096,700416,0.655921
1.1,700000-1800000,32,512,64,512,763392,0.67188
1.2,700000-1800000,32,1024,64,64,783360,0.703374
1.3,700000-1800000,32,32,2048,4096,700416,0.752798
1.4,700000-1800000,32,32,2048,4096,700416,0.785339
1.5,700000-1800000,32,32,2048,4096,700416,0.814631
1.6,700000-1800000,32,128,128,64,715776,0.840711
1.7,700000-1800000,32,32,2048,4096,700416,0.86704
1.8,700000-1800000,32,32,2048,4096,700416,0.89014
1.9,700000-1800000,64,128,128,256,817152,0.900769
2,700000-1800000,32,512,4096,64,795648,0.920903
2.1,700000-1800000,64,32,2048,512,794112,0.937013
2.2,700000-1800000,128,64,32,512,880128,0.95071
2.3,700000-1800000,256,128,128,1024,1016832,0.960489
2.4,700000-1800000,512,512,512,512,1175040,0.969929
2.5,700000-1800000,256,64,32,256,976896,0.977077
2.6,700000-1800000,512,64,64,512,1082880,0.982378
2.7,700000-1800000,512,512,128,512,1162752,0.986442
2.8,700000-1800000,512,2048,128,64,1207296,0.989302
2.9,700000-1800000,4096,4096,256,128,1534464,0.991582
3,700000-1800000,4096,1024,2048,4096,1511424,0.993356
3.1,700000-1800000,2048,4096,128,2048,1436160,0.994448
3.2,700000-1800000,4096,2048,1024,1024,1526784,0.995072
3.3,700000-1800000,4096,4096,2048,4096,1560576,0.995769
3.4,700000-1800000,4096,2048,32,32,1488384,0.995916
3.5,700000-1800000,4096,512,256,512,1463808,0.996009
3.6,700000-1800000,4096,1024,4096,64,1508352,0.996281
3.7,700000-1800000,4096,4096,4096,1024,1563648,0.996439
3.8,700000-1800000,4096,4096,4096,2048,1565184,0.996504
3.9,700000-1800000,4096,512,256,128,1460736,0.996409
4,700000-1800000,4096,1024,32,512,1469952,0.99642
4.1,700000-1800000,4096,4096,64,64,1520640,0.996526
4.2,700000-1800000,4096,4096,32,2048,1522176,0.996522
4.3,700000-1800000,4096,2048,256,128,1509888,0.996546
4.4,700000-1800000,4096,256,512,128,1442304,0.996365
4.5,700000-1800000,4096,256,64,4096,1431552,0.996335
4.6,700000-1800000,4096,4096,128,256,1529856,0.996575
4.7,700000-1800000,4096,4096,32,512,1519104,0.996524
4.8,700000-1800000,4096,1024,256,1024,1489920,0.996517
4.9,700000-1800000,4096,512,512,512,1469952,0.996444
5,700000-1800000,2048,1024,256,1024,1391616,0.996341
5.1,700000-1800000,4096,4096,2048,64,1551360,0.99658
5.2,700000-1800000,4096,2048,1024,1024,1526784,0.996555
5.3,700000-1800000,4096,512,256,32,1457664,0.996445
5.4,700000-1800000,2048,2048,128,1024,1410048,0.996376
5.5,700000-1800000,2048,2048,1024,128,1423872,0.996378
5.6,700000-1800000,4096,1024,2048,256,1505280,0.996519
5.7,700000-1800000,512,1024,128,512,1187328,0.99572
5.8,700000-1800000,4096,256,64,256,1425408,0.996335
5.9,700000-1800000,4096,1024,128,256,1480704,0.996515
6,700000-1800000,4096,2048,512,1024,1520640,0.996555
6.1,700000-1800000,2048,256,2048,32,1353216,0.996197
6.2,700000-1800000,4096,4096,4096,128,1559040,0.996578
6.3,700000-1800000,2048,2048,256,2048,1417728,0.996377
6.4,700000-1800000,2048,2048,64,512,1402368,0.996347
6.5,700000-1800000,4096,4096,128,64,1526784,0.996576
6.6,700000-1800000,4096,4096,512,32,1537536,0.996581
6.7,700000-1800000,4096,1024,2048,4096,1511424,0.996518
6.8,700000-1800000,2048,256,128,512,1334784,0.99619
6.9,700000-1800000,4096,2048,1024,64,1520640,0.996556
7,700000-1800000,4096,256,128,32,1426944,0.996369
7.1,700000-1800000,4096,4096,256,4096,1542144,0.996577
7.2,700000-1800000,4096,1024,1024,4096,1505280,0.996518
7.3,700000-1800000,4096,4096,1024,4096,1554432,0.996579
7.4,700000-1800000,4096,4096,256,128,1534464,0.996577
7.5,700000-1800000,4096,512,64,64,1446912,0.996414
7.6,700000-1800000,4096,4096,1024,64,1545216,0.996579
7.7,700000-1800000,4096,4096,2048,256,1554432,0.996579
7.8,700000-1800000,4096,4096,2048,256,1554432,0.996579
7.9,700000-1800000,4096,512,64,128,1448448,0.996413
8,700000-1800000,4096,4096,512,2048,1546752,0.996579
8.1,700000-1800000,2048,256,128,32,1328640,0.996193
8.2,700000-1800000,4096,2048,1024,1024,1526784,0.996555
8.3,700000-1800000,2048,256,256,64,1336320,0.996192
8.4,700000-1800000,2048,4096,4096,32,1457664,0.996405
8.5,700000-1800000,2048,2048,128,256,1406976,0.996376
8.6,700000-1800000,4096,256,4096,2048,1466880,0.996369
8.7,700000-1800000,4096,2048,64,4096,1505280,0.996523
8.8,700000-1800000,4096,2048,64,64,1496064,0.996524
8.9,700000-1800000,4096,128,4096,128,1436160,0.996186
9,700000-1800000,4096,2048,4096,1024,1539072,0.996555
9.1,700000-1800000,2048,4096,128,512,1433088,0.9964
9.2,700000-1800000,2048,2048,1024,4096,1431552,0.996379
9.3,700000-1800000,4096,512,2048,32,1476096,0.996447
9.4,700000-1800000,4096,2048,64,2048,1503744,0.996523
9.5,700000-1800000,4096,4096,256,32,1531392,0.996579
9.6,700000-1800000,2048,2048,256,128,1411584,0.996376
9.7,700000-1800000,4096,512,1024,32,1469952,0.996446
9.8,700000-1800000,4096,2048,2048,2048,1534464,0.996555
9.9,700000-1800000,1024,2048,128,512,1310208,0.996104
10,700000-1800000,4096,4096,512,4096,1548288,0.996579
10.1,700000-1800000,4096,4096,64,4096,1529856,0.996548
10.2,700000-1800000,4096,4096,256,2048,1540608,0.996577
10.3,700000-1800000,4096,2048,4096,128,1534464,0.996555
10.4,700000-1800000,4096,128,1024,32,1420800,0.996189
10.5,700000-1800000,2048,1024,256,32,1383936,0.996343
10.6,700000-1800000,4096,4096,64,32,1519104,0.996549
10.7,700000-1800000,4096,2048,1024,512,1525248,0.996555
10.8,700000-1800000,2048,512,1024,128,1374720,0.996268
10.9,700000-1800000,4096,1024,32,2048,1473024,0.996462
11,700000-1800000,4096,4096,32,128,1516032,0.996524
11.1,700000-1800000,4096,4096,256,256,1536000,0.996577
11.2,700000-1800000,4096,4096,32,1024,1520640,0.996524
11.3,700000-1800000,2048,4096,1024,64,1446912,0.996403
11.4,700000-1800000,4096,2048,64,32,1494528,0.996525
11.5,700000-1800000,4096,1024,32,32,1463808,0.996463
11.6,700000-1800000,4096,1024,64,512,1476096,0.996486
11.7,700000-1800000,4096,256,4096,4096,1468416,0.996369
11.8,700000-1800000,4096,256,128,128,1430016,0.996366
11.9,700000-1800000,4096,2048,4096,32,1531392,0.996557
12,700000-1800000,4096,512,512,128,1466880,0.996444
12.1,700000-1800000,2048,2048,128,2048,1411584,0.996376
12.2,700000-1800000,4096,2048,32,256,1492992,0.996501
12.3,700000-1800000,4096,1024,1024,1024,1502208,0.996518
12.4,700000-1800000,4096,1024,256,256,1486848,0.996517
12.5,700000-1800000,2048,4096,32,32,1414656,0.996345
12.6,700000-1800000,4096,128,1024,4096,1431552,0.996186
12.7,700000-1800000,2048,4096,256,256,1437696,0.996402
12.8,700000-1800000,4096,4096,32,512,1519104,0.996524
12.9,700000-1800000,4096,4096,256,128,1534464,0.996577
13,700000-1800000,4096,1024,2048,4096,1511424,0.996518
13.1,700000-1800000,4096,4096,256,4096,1542144,0.996577
13.2,700000-1800000,4096,2048,1024,1024,1526784,0.996555
13.3,700000-1800000,4096,4096,2048,4096,1560576,0.996579
13.4,700000-1800000,4096,2048,32,32,1488384,0.996502
13.5,700000-1800000,4096,512,256,512,1463808,0.996443
13.6,700000-1800000,4096,1024,4096,64,1508352,0.996518
13.7,700000-1800000,4096,4096,2048,256,1554432,0.996579
13.8,700000-1800000,4096,4096,4096,2048,1565184,0.996579
13.9,700000-1800000,4096,512,512,256,1468416,0.996445
14,700000-1800000,4096,1024,32,512,1469952,0.996462
14.1,700000-1800000,4096,4096,64,64,1520640,0.996548
14.2,700000-1800000,4096,4096,32,2048,1522176,0.996524
14.3,700000-1800000,4096,2048,256,128,1509888,0.996553
14.4,700000-1800000,4096,256,512,128,1442304,0.996369
14.5,700000-1800000,4096,256,64,4096,1431552,0.996335
14.6,700000-1800000,4096,4096,128,256,1529856,0.996576
14.7,700000-1800000,4096,4096,32,512,1519104,0.996524
14.8,700000-1800000,4096,1024,256,1024,1489920,0.996517
14.9,700000-1800000,4096,512,512,512,1469952,0.996444
15,700000-1800000,2048,1024,256,1024,1391616,0.996341
15.1,700000-1800000,4096,4096,2048,64,1551360,0.99658
15.2,700000-1800000,4096,2048,1024,1024,1526784,0.996555
15.3,700000-1800000,4096,512,256,32,1457664,0.996445
15.4,700000-1800000,2048,2048,128,1024,1410048,0.996376
15.5,700000-1800000,2048,2048,1024,128,1423872,0.996378
15.6,700000-1800000,4096,1024,2048,256,1505280,0.996519
15.7,700000-1800000,512,1024,128,512,1187328,0.99572
15.8,700000-1800000,4096,256,64,256,1425408,0.996335
15.9,700000-1800000,4096,1024,128,256,1480704,0.996515
16,700000-1800000,4096,2048,512,1024,1520640,0.996555
16.1,700000-1800000,2048,256,2048,32,1353216,0.996197
16.2,700000-1800000,4096,4096,4096,128,1559040,0.996578
16.3,700000-1800000,2048,2048,256,2048,1417728,0.996377
16.4,700000-1800000,2048,2048,64,512,1402368,0.996347
16.5,700000-1800000,4096,4096,128,64,1526784,0.996576
16.6,700000-1800000,4096,4096,512,32,1537536,0.996581
16.7,700000-1800000,4096,1024,2048,4096,1511424,0.996518
16.8,700000-1800000,2048,256,128,512,1334784,0.99619
16.9,700000-1800000,4096,2048,1024,64,1520640,0.996556
17,700000-1800000,4096,256,128,32,1426944,0.996369
17.1,700000-1800000,4096,4096,256,4096,1542144,0.996577
17.2,700000-1800000,4096,1024,1024,4096,1505280,0.996518
17.3,700000-1800000,4096,4096,1024,4096,1554432,0.996579
17.4,700000-1800000,4096,4096,256,128,1534464,0.996577
17.5,700000-1800000,4096,512,64,64,1446912,0.996414
17.6,700000-1800000,4096,4096,1024,64,1545216,0.996579
17.7,700000-1800000,4096,4096,2048,256,1554432,0.996579
17.8,700000-1800000,4096,4096,2048,256,1554432,0.996579
17.9,700000-1800000,4096,512,64,128,1448448,0.996413
18,700000-1800000,4096,4096,512,2048,1546752,0.996579
18.1,700000-1800000,2048,256,128,32,1328640,0.996193
18.2,700000-1800000,4096,2048,1024,1024,1526784,0.996555
18.3,700000-1800000,2048,256,256,64,1336320,0.996192
18.4,700000-1800000,2048,4096,4096,32,1457664,0.996405
18.5,700000-1800000,2048,2048,128,256,1406976,0.996376
18.6,700000-1800000,4096,256,4096,2048,1466880,0.996369
18.7,700000-1800000,4096,2048,64,4096,1505280,0.996523
18.8,700000-1800000,4096,2048,64,64,1496064,0.996524
18.9,700000-1800000,4096,128,4096,128,1436160,0.996186
19,700000-1800000,4096,2048,4096,1024,1539072,0.996555
19.1,700000-1800000,2048,4096,128,512,1433088,0.9964
19.2,700000-1800000,2048,2048,1024,4096,1431552,0.996379
19.3,700000-1800000,4096,512,2048,32,1476096,0.996447
19.4,700000-1800000,4096,2048,64,2048,1503744,0.996523
19.5,700000-1800000,4096,4096,256,32,1531392,0.996579
19.6,700000-1800000,2048,2048,256,128,1411584,0.996376
19.7,700000-1800000,4096,512,1024,32,1469952,0.996446
19.8,700000-1800000,4096,2048,2048,2048,1534464,0.996555
19.9,700000-1800000,1024,2048,128,512,1310208,0.996104
