step,profile,k0,k1,num_images,psnr,ms_ssim,lpips,reconstruction_loss,active_ratio,perplexity,dead_code_count,collapse_ratio,min_l2_distance,src_reference_psnr,src_psnr_gap_db,teacher_psnr,teacher_psnr_drop_db,score,eligible,layer0_codebook_size,layer0_num_assignments,layer0_active_count,layer0_active_ratio,layer0_perplexity,layer0_dead_code_count,layer0_collapse_count,layer0_collapse_ratio,layer0_min_l2_distance,layer1_codebook_size,layer1_num_assignments,layer1_active_count,layer1_active_ratio,layer1_perplexity,layer1_dead_code_count,layer1_collapse_count,layer1_collapse_ratio,layer1_min_l2_distance
1,64x16,64,16,128,21.47960788011551,0.8923086082758952,0.4457012051716447,0.029979300103150308,1.0,31.45306530862804,0.0,0.0,0.7716124653816223,,,26.48615664243698,0.01306825876235962,20.259625069300334,True,64,131072,64,1.0,50.27489459854119,0,0,0.0,0.7716124653816223,16,32768,16,1.0,12.631236018714896,0,0,0.0,0.8141776323318481
2,64x16,64,16,128,21.34619492292404,0.8897180747543931,0.45308432541787624,0.031047218304593116,1.0,32.99341659108313,0.0,0.0,0.45333805680274963,,,26.48615664243698,0.015848815441131592,20.494798157612482,True,64,131072,64,1.0,52.55466864785638,0,0,0.0,0.45333805680274963,16,32768,16,1.0,13.432164534309885,0,0,0.0,0.6850820779800415
3,64x16,64,16,128,21.377281069755554,0.8912604947523702,0.4540498638525605,0.03080283891176805,1.0,33.3640891812826,0.0,0.0,0.41828635334968567,,,26.48615664243698,0.003728628158569336,20.14922133485476,True,64,131072,64,1.0,53.1510972061016,0,0,0.0,0.41828635334968567,16,32768,16,1.0,13.577081156463596,0,0,0.0,0.6942583322525024
4,64x16,64,16,128,21.623241543769836,0.8982733203468793,0.442413198761642,0.029179258446674794,1.0,34.52802239447959,0.0,0.0,0.5492970943450928,,,26.48615664243698,0.001489877700805664,20.451593852043153,True,64,131072,64,1.0,54.81558326740932,0,0,0.0,0.5492970943450928,16,32768,16,1.0,14.240461521549854,0,0,0.0,0.9983086585998535
5,64x16,64,16,128,17.677073538303375,0.8118496365837924,0.6178202796727419,0.07155414251610637,1.0,19.584237274155083,0.0,0.0,0.17935813963413239,,,26.48615664243698,0.022296607494354248,18.500749121109646,True,64,131072,64,1.0,30.03280397362275,0,0,0.0,0.4319807291030884,16,32768,16,1.0,9.135670574687415,0,0,0.0,0.17935813963413239
6,64x16,64,16,128,19.830792665481567,0.8589736911788888,0.5480998139828444,0.04331232781987637,1.0,24.981598817167416,0.0,0.0,0.5424626469612122,,,26.48615664243698,0.007824063301086426,19.611949843168258,True,64,131072,64,1.0,38.26408100670168,0,0,0.0,0.5424626469612122,16,32768,16,1.0,11.699116627633156,0,0,0.0,0.5658056735992432
7,64x16,64,16,128,21.095228731632233,0.8865142778962538,0.47510519437491894,0.03282785520423204,1.0,26.92691384963534,0.0,0.0,0.6325833797454834,,,26.48615664243698,-3.993511199951172e-06,20.16318303346634,True,64,131072,64,1.0,39.76833797002892,0,0,0.0,0.6325833797454834,16,32768,16,1.0,14.085489729241763,0,0,0.0,0.7822835445404053
8,64x16,64,16,128,21.679523766040802,0.8954416301399911,0.4556853864341974,0.028697567933704704,1.0,28.47046986198549,0.0,0.0,0.5026944875717163,,,26.48615664243698,0.0007911324501037598,20.387993077437084,True,64,131072,64,1.0,42.43646912216831,0,0,0.0,0.8233782649040222,16,32768,16,1.0,14.504470601802666,0,0,0.0,0.5026944875717163
9,64x16,64,16,128,22.009457647800446,0.8996587187347554,0.4592379620298743,0.026713073602877557,1.0,30.188472053774124,0.0,0.0,0.7859708666801453,,,26.48615664243698,0.03038865327835083,20.033081134160362,True,64,131072,64,1.0,46.72708217548301,0,0,0.0,0.9682209491729736,16,32768,16,1.0,13.649861932065235,0,0,0.0,0.7859708666801453
10,64x16,64,16,128,22.339025855064392,0.9064492821489751,0.43493017740547657,0.02476416388526559,1.0,32.56109942342408,0.0,0.0,0.8288637399673462,,,26.48615664243698,0.0033400654792785645,20.520446983973187,True,64,131072,64,1.0,50.90995398252515,0,0,0.0,0.8288637399673462,16,32768,16,1.0,14.212244864323017,0,0,0.0,0.982194721698761
11,64x16,64,16,128,22.245848655700684,0.9064512962428787,0.43438826128840446,0.025325377064291388,1.0,31.507592972749087,0.0,0.0,0.6998258829116821,,,26.48615664243698,0.004589080810546875,20.572795724868772,True,64,131072,64,1.0,48.982087394468486,0,0,0.0,0.6998258829116821,16,32768,16,1.0,14.033098551029687,0,0,0.0,1.1163676977157593
12,64x16,64,16,128,22.429230868816376,0.9087658005112293,0.4385834885761142,0.024307760992087424,1.0,32.37023174191597,0.0,0.0,0.8161188364028931,,,26.48615664243698,0.0014638900756835938,20.438825633128484,True,64,131072,64,1.0,50.50438143087556,0,0,0.0,0.8161188364028931,16,32768,16,1.0,14.236082052956379,0,0,0.0,1.0851995944976807
13,64x16,64,16,128,22.39244896173477,0.9068730608462349,0.4360306980088353,0.024568828870542347,1.0,31.91160897474802,0.0,0.0,0.942715048789978,,,26.48615664243698,-0.002210676670074463,20.498511590560277,True,64,131072,64,1.0,49.49696444860285,0,0,0.0,0.942715048789978,16,32768,16,1.0,14.326253500893191,0,0,0.0,1.2649285793304443
14,64x16,64,16,128,22.52409255504608,0.9111718431744904,0.43151430878788233,0.023846815223805606,1.0,31.940174616988813,0.0,0.0,0.9331744313240051,,,26.48615664243698,-0.0012443065643310547,20.634839669863382,True,64,131072,64,1.0,49.54404610041146,0,0,0.0,0.9331744313240051,16,32768,16,1.0,14.336303133566167,0,0,0.0,1.2225314378738403
15,64x16,64,16,128,22.56123661994934,0.9110526678219055,0.43060545064508915,0.02360757876886055,1.0,31.93669792565848,0.0,0.0,0.7765107154846191,,,26.48615664243698,-0.0019099116325378418,20.566271332899728,True,64,131072,64,1.0,49.47865671562919,0,0,0.0,0.7765107154846191,16,32768,16,1.0,14.394739135687765,0,0,0.0,1.2346817255020142
16,64x16,64,16,128,22.349990010261536,0.9082438084744676,0.4344064658507705,0.025147429667413235,1.0,31.63345633755779,0.0,0.0,0.883513331413269,,,26.48615664243698,-0.0030815601348876953,20.593182530005777,True,64,131072,64,1.0,48.87192632990621,0,0,0.0,0.883513331413269,16,32768,16,1.0,14.394986345209366,0,0,0.0,1.1481651067733765
17,64x16,64,16,128,22.36715990304947,0.9085797040001435,0.43592522479593754,0.025165487022604793,1.0,30.840293800456013,0.0,0.0,0.9023571014404297,,,26.48615664243698,-0.002991020679473877,20.54539052049319,True,64,131072,64,1.0,47.45163054097519,0,0,0.0,0.9023571014404297,16,32768,16,1.0,14.228957059936839,0,0,0.0,1.2885652780532837
18,64x16,64,16,128,22.402773916721344,0.9101157407133218,0.43554465658962727,0.02451551001286134,1.0,31.491073401134233,0.0,0.0,0.8389659523963928,,,26.48615664243698,-0.0019719600677490234,20.59525437951088,True,64,131072,64,1.0,48.60923226176649,0,0,0.0,0.8389659523963928,16,32768,16,1.0,14.372914540501975,0,0,0.0,1.2432005405426025
19,64x16,64,16,128,22.371029436588287,0.9092381002626038,0.43489278573542833,0.02489390759728849,1.0,31.717066630428604,0.0,0.0,0.796966552734375,,,26.48615664243698,-0.0015685558319091797,20.529618750015896,True,64,131072,64,1.0,48.95362608745978,0,0,0.0,0.796966552734375,16,32768,16,1.0,14.48050717339743,0,0,0.0,1.2704113721847534
20,64x16,64,16,128,22.336868405342102,0.90845517615387,0.43832509592175484,0.02509593789000064,1.0,30.96063060338704,0.0,0.0,0.7954004406929016,,,26.48615664243698,-0.0030410289764404297,20.53188839157422,True,64,131072,64,1.0,47.50365468696145,0,0,0.0,0.7954004406929016,16,32768,16,1.0,14.417606519812638,0,0,0.0,1.2754369974136353
