run_id,epoch,train_recon,train_vq,val_recon,best_val_recon,is_best,phase,channel_prob,learning_rate
exp12_rate047_A_patch_cb16-4_res6-6-20260720-110225,1,0.63776652,0.20399847,0.07826770,0.07826770,1,Phase1-拓荒,0.000000,5e-05
exp12_rate047_A_patch_cb16-4_res6-6-20260720-110225,2,0.06757207,0.07946876,0.04385712,0.04385712,1,Phase1-拓荒,0.000000,5e-05
exp12_rate047_A_patch_cb16-4_res6-6-20260720-110225,3,0.05334114,0.06536483,0.04624383,0.04385712,0,Phase1-拓荒,0.000000,5e-05
exp12_rate047_A_patch_cb16-4_res6-6-20260720-110225,4,0.04826341,0.05345405,0.03765398,0.03765398,1,Phase1-拓荒,0.000000,5e-05
exp12_rate047_A_patch_cb16-4_res6-6-20260720-110225,5,0.04157040,0.04996517,0.03117886,0.03117886,1,Phase1-拓荒,0.000000,5e-05
exp12_rate047_A_patch_cb16-4_res6-6-20260720-110225,6,0.04106877,0.05033290,0.03128289,0.03117886,0,Phase1-拓荒,0.000000,5e-05
exp12_rate047_A_patch_cb16-4_res6-6-20260720-110225,7,0.03717654,0.05157310,0.03030532,0.03030532,1,Phase1-拓荒,0.000000,5e-05
exp12_rate047_A_patch_cb16-4_res6-6-20260720-110225,8,0.03646349,0.05323047,0.02770088,0.02770088,1,Phase1-拓荒,0.000000,5e-05
exp12_rate047_A_patch_cb16-4_res6-6-20260720-110225,9,0.03489100,0.05489582,0.02777045,0.02770088,0,Phase1-拓荒,0.000000,5e-05
exp12_rate047_A_patch_cb16-4_res6-6-20260720-110225,10,0.03403417,0.05758088,0.02856839,0.02770088,0,Phase1-拓荒,0.000000,5e-05
exp12_rate047_A_patch_cb16-4_res6-6-20260720-110225,11,0.03256351,0.05990527,0.02637160,0.02637160,1,Phase1-拓荒,0.000000,5e-05
exp12_rate047_A_patch_cb16-4_res6-6-20260720-110225,12,0.03259312,0.06110526,0.03106580,0.02637160,0,Phase1-拓荒,0.000000,5e-05
exp12_rate047_A_patch_cb16-4_res6-6-20260720-110225,13,0.03094708,0.06304356,0.02845033,0.02637160,0,Phase1-拓荒,0.000000,5e-05
exp12_rate047_A_patch_cb16-4_res6-6-20260720-110225,14,0.03016298,0.06554367,0.02562861,0.02562861,1,Phase1-拓荒,0.000000,5e-05
exp12_rate047_A_patch_cb16-4_res6-6-20260720-110225,15,0.02942897,0.06757870,0.02493818,0.02493818,1,Phase1-拓荒,0.000000,5e-05
exp12_rate047_A_patch_cb16-4_res6-6-20260720-110225,16,0.02926134,0.06972551,0.02491893,0.02491893,1,Phase1-拓荒,0.000000,5e-05
exp12_rate047_A_patch_cb16-4_res6-6-20260720-110225,17,0.02879471,0.07162044,0.02428750,0.02428750,1,Phase1-拓荒,0.000000,5e-05
exp12_rate047_A_patch_cb16-4_res6-6-20260720-110225,18,0.02832506,0.07237827,0.02402012,0.02402012,1,Phase1-拓荒,0.000000,5e-05
exp12_rate047_A_patch_cb16-4_res6-6-20260720-110225,19,0.02896540,0.07407067,0.02326028,0.02326028,1,Phase1-拓荒,0.000000,5e-05
exp12_rate047_A_patch_cb16-4_res6-6-20260720-110225,20,0.02763826,0.07466173,0.02354701,0.02326028,0,Phase1-拓荒,0.000000,5e-05
exp12_rate047_A_patch_cb16-4_res6-6-20260720-110225,21,0.02736265,0.07532110,0.02289449,0.02289449,1,Phase2-退火(0%),0.000000,5e-05
exp12_rate047_A_patch_cb16-4_res6-6-20260720-110225,22,0.02724076,0.07717153,0.02412279,0.02289449,0,Phase2-退火(2%),0.000000,5e-05
exp12_rate047_A_patch_cb16-4_res6-6-20260720-110225,23,0.02689584,0.07760137,0.02253484,0.02253484,1,Phase2-退火(3%),0.000000,5e-05
exp12_rate047_A_patch_cb16-4_res6-6-20260720-110225,24,0.02640857,0.07836459,0.02285321,0.02253484,0,Phase2-退火(5%),0.000000,5e-05
exp12_rate047_A_patch_cb16-4_res6-6-20260720-110225,25,0.02610599,0.07861835,0.02214014,0.02214014,1,Phase2-退火(7%),0.000000,5e-05
exp12_rate047_A_patch_cb16-4_res6-6-20260720-110225,26,0.02586161,0.07951907,0.02281406,0.02214014,0,Phase2-退火(8%),0.000000,5e-05
exp12_rate047_A_patch_cb16-4_res6-6-20260720-110225,27,0.02577769,0.07921288,0.02223182,0.02214014,0,Phase2-退火(10%),0.000000,5e-05
exp12_rate047_A_patch_cb16-4_res6-6-20260720-110225,28,0.02573598,0.07964302,0.02148238,0.02148238,1,Phase2-退火(12%),0.000000,5e-05
exp12_rate047_A_patch_cb16-4_res6-6-20260720-110225,29,0.02522099,0.08012310,0.02236441,0.02148238,0,Phase2-退火(13%),0.000000,5e-05
exp12_rate047_A_patch_cb16-4_res6-6-20260720-110225,30,0.02524487,0.07989911,0.02201073,0.02148238,0,Phase2-退火(15%),0.000000,5e-05
exp12_rate047_A_patch_cb16-4_res6-6-20260720-110225,31,0.02477656,0.07988946,0.02165122,0.02148238,0,Phase2-退火(17%),0.000000,5e-05
exp12_rate047_A_patch_cb16-4_res6-6-20260720-110225,32,0.04099855,0.07397577,0.02128301,0.02128301,1,Phase2-退火(18%),0.000000,5e-05
exp12_rate047_A_patch_cb16-4_res6-6-20260720-110225,33,0.02429413,0.07584180,0.02100428,0.02100428,1,Phase2-退火(20%),0.000000,5e-05
exp12_rate047_A_patch_cb16-4_res6-6-20260720-110225,34,0.02415453,0.07857403,0.02270791,0.02100428,0,Phase2-退火(22%),0.000000,5e-05
exp12_rate047_A_patch_cb16-4_res6-6-20260720-110225,35,0.02406250,0.07941184,0.02106060,0.02100428,0,Phase2-退火(23%),0.000000,5e-05
exp12_rate047_A_patch_cb16-4_res6-6-20260720-110225,36,0.02408685,0.07982097,0.02120473,0.02100428,0,Phase2-退火(25%),0.000000,5e-05
exp12_rate047_A_patch_cb16-4_res6-6-20260720-110225,37,0.02980804,0.07887142,0.02119053,0.02100428,0,Phase2-退火(27%),0.000000,5e-05
exp12_rate047_A_patch_cb16-4_res6-6-20260720-110225,38,0.02361388,0.07660835,0.02044147,0.02044147,1,Phase2-退火(28%),0.000000,5e-05
exp12_rate047_A_patch_cb16-4_res6-6-20260720-110225,39,0.02362935,0.07830219,0.02080742,0.02044147,0,Phase2-退火(30%),0.000000,5e-05
exp12_rate047_A_patch_cb16-4_res6-6-20260720-110225,40,0.02320181,0.07847689,0.02111605,0.02044147,0,Phase2-退火(32%),0.000000,5e-05
exp12_rate047_A_patch_cb16-4_res6-6-20260720-110225,41,0.02295169,0.07871606,0.01996532,0.01996532,1,Phase2-退火(33%),0.000000,5e-05
exp12_rate047_A_patch_cb16-4_res6-6-20260720-110225,42,0.02280690,0.07833748,0.02320423,0.01996532,0,Phase2-退火(35%),0.000000,5e-05
exp12_rate047_A_patch_cb16-4_res6-6-20260720-110225,43,0.02440921,0.07586445,0.02034995,0.01996532,0,Phase2-退火(37%),0.000000,5e-05
exp12_rate047_A_patch_cb16-4_res6-6-20260720-110225,44,0.02278640,0.07763868,0.02029355,0.01996532,0,Phase2-退火(38%),0.000000,5e-05
exp12_rate047_A_patch_cb16-4_res6-6-20260720-110225,45,0.02261710,0.07817482,0.02026316,0.01996532,0,Phase2-退火(40%),0.000000,5e-05
exp12_rate047_A_patch_cb16-4_res6-6-20260720-110225,46,0.02227688,0.07718349,0.02005782,0.01996532,0,Phase2-退火(42%),0.000000,5e-05
exp12_rate047_A_patch_cb16-4_res6-6-20260720-110225,47,0.02214310,0.07698306,0.02012081,0.01996532,0,Phase2-退火(43%),0.000000,5e-05
exp12_rate047_A_patch_cb16-4_res6-6-20260720-110225,48,0.04252523,0.07831075,0.03602248,0.01996532,0,Phase2-退火(45%),0.000000,5e-05
exp12_rate047_A_patch_cb16-4_res6-6-20260720-110225,49,0.02474280,0.06764156,0.01991498,0.01991498,1,Phase2-退火(47%),0.000000,5e-05
exp12_rate047_A_patch_cb16-4_res6-6-20260720-110225,50,0.02192485,0.07350356,0.01999940,0.01991498,0,Phase2-退火(48%),0.000000,5e-05
exp12_rate047_A_patch_cb16-4_res6-6-20260720-110225,51,0.02161674,0.07487951,0.01958412,0.01958412,1,Phase2-退火(50%),0.000000,5e-05
exp12_rate047_A_patch_cb16-4_res6-6-20260720-110225,52,0.02154428,0.07500731,0.01946133,0.01946133,1,Phase2-退火(52%),0.000000,5e-05
exp12_rate047_A_patch_cb16-4_res6-6-20260720-110225,53,0.02147842,0.07526730,0.01965369,0.01946133,0,Phase2-退火(53%),0.000000,5e-05
exp12_rate047_A_patch_cb16-4_res6-6-20260720-110225,54,0.02140004,0.07473197,0.01988239,0.01946133,0,Phase2-退火(55%),0.000000,5e-05
exp12_rate047_A_patch_cb16-4_res6-6-20260720-110225,55,0.02132721,0.07478937,0.01961050,0.01946133,0,Phase2-退火(57%),0.000000,5e-05
exp12_rate047_A_patch_cb16-4_res6-6-20260720-110225,56,0.02095402,0.07436551,0.01914061,0.01914061,1,Phase2-退火(58%),0.000000,5e-05
exp12_rate047_A_patch_cb16-4_res6-6-20260720-110225,57,0.02093558,0.07416340,0.01907165,0.01907165,1,Phase2-退火(60%),0.000000,5e-05
exp12_rate047_A_patch_cb16-4_res6-6-20260720-110225,58,0.02062155,0.07328624,0.01893393,0.01893393,1,Phase2-退火(62%),0.000000,5e-05
exp12_rate047_A_patch_cb16-4_res6-6-20260720-110225,59,0.02668801,0.07158121,0.01914288,0.01893393,0,Phase2-退火(63%),0.000000,5e-05
exp12_rate047_A_patch_cb16-4_res6-6-20260720-110225,60,0.02027526,0.07022646,0.01907301,0.01893393,0,Phase2-退火(65%),0.000000,5e-05
exp12_rate047_A_patch_cb16-4_res6-6-20260720-110225,61,0.02036982,0.07124907,0.01880146,0.01880146,1,Phase2-退火(67%),0.000000,5e-05
exp12_rate047_A_patch_cb16-4_res6-6-20260720-110225,62,0.02028535,0.07172544,0.01886548,0.01880146,0,Phase2-退火(68%),0.000000,5e-05
exp12_rate047_A_patch_cb16-4_res6-6-20260720-110225,63,0.02007607,0.07144198,0.01921115,0.01880146,0,Phase2-退火(70%),0.000000,5e-05
exp12_rate047_A_patch_cb16-4_res6-6-20260720-110225,64,0.02270344,0.07049307,0.01887295,0.01880146,0,Phase2-退火(72%),0.000000,5e-05
exp12_rate047_A_patch_cb16-4_res6-6-20260720-110225,65,0.01955695,0.06914149,0.01915096,0.01880146,0,Phase2-退火(73%),0.000000,5e-05
exp12_rate047_A_patch_cb16-4_res6-6-20260720-110225,66,0.01962718,0.06963626,0.02042930,0.01880146,0,Phase2-退火(75%),0.000000,5e-05
exp12_rate047_A_patch_cb16-4_res6-6-20260720-110225,67,0.01991201,0.07028528,0.01869588,0.01869588,1,Phase2-退火(77%),0.000000,5e-05
exp12_rate047_A_patch_cb16-4_res6-6-20260720-110225,68,0.01953140,0.06960927,0.01906169,0.01869588,0,Phase2-退火(78%),0.000000,5e-05
exp12_rate047_A_patch_cb16-4_res6-6-20260720-110225,69,0.01952043,0.06997412,0.01834018,0.01834018,1,Phase2-退火(80%),0.000000,5e-05
exp12_rate047_A_patch_cb16-4_res6-6-20260720-110225,70,0.01912398,0.06880628,0.01882782,0.01834018,0,Phase2-退火(82%),0.000000,5e-05
exp12_rate047_A_patch_cb16-4_res6-6-20260720-110225,71,0.02573830,0.07017971,0.02000252,0.01834018,0,Phase2-退火(83%),0.000000,5e-05
exp12_rate047_A_patch_cb16-4_res6-6-20260720-110225,72,0.01925905,0.06670819,0.01848590,0.01834018,0,Phase2-退火(85%),0.000000,5e-05
exp12_rate047_A_patch_cb16-4_res6-6-20260720-110225,73,0.01865808,0.06751008,0.01887122,0.01834018,0,Phase2-退火(87%),0.000000,5e-05
exp12_rate047_A_patch_cb16-4_res6-6-20260720-110225,74,0.01868929,0.06739358,0.01852008,0.01834018,0,Phase2-退火(88%),0.000000,5e-05
exp12_rate047_A_patch_cb16-4_res6-6-20260720-110225,75,0.01847688,0.06723143,0.01840359,0.01834018,0,Phase2-退火(90%),0.000000,5e-05
exp12_rate047_A_patch_cb16-4_res6-6-20260720-110225,76,0.01836090,0.06681653,0.01849627,0.01834018,0,Phase2-退火(92%),0.000000,5e-05
exp12_rate047_A_patch_cb16-4_res6-6-20260720-110225,77,0.01819629,0.06665303,0.01779799,0.01779799,1,Phase2-退火(93%),0.000000,5e-05
exp12_rate047_A_patch_cb16-4_res6-6-20260720-110225,78,0.01807375,0.06621605,0.01849567,0.01779799,0,Phase2-退火(95%),0.000000,5e-05
exp12_rate047_A_patch_cb16-4_res6-6-20260720-110225,79,0.01792140,0.06594375,0.01788549,0.01779799,0,Phase2-退火(97%),0.000000,5e-05
exp12_rate047_A_patch_cb16-4_res6-6-20260720-110225,80,0.01965486,0.06513350,0.01738315,0.01738315,1,Phase2-退火(98%),0.000000,5e-05
exp12_rate047_A_patch_cb16-4_res6-6-20260720-110225,81,0.01742390,0.06393272,0.01761474,0.01738315,0,Phase3-微调,0.000000,5e-05
exp12_rate047_A_patch_cb16-4_res6-6-20260720-110225,82,0.01743293,0.06380412,0.01757259,0.01738315,0,Phase3-微调,0.025000,5e-05
exp12_rate047_A_patch_cb16-4_res6-6-20260720-110225,83,0.01739084,0.06393475,0.01745980,0.01738315,0,Phase3-微调,0.050000,5e-05
exp12_rate047_A_patch_cb16-4_res6-6-20260720-110225,84,0.01732894,0.06301378,0.01762590,0.01738315,0,Phase3-微调,0.075000,5e-05
exp12_rate047_A_patch_cb16-4_res6-6-20260720-110225,85,0.01732056,0.06319944,0.01854804,0.01738315,0,Phase3-微调,0.100000,5e-05
exp12_rate047_A_patch_cb16-4_res6-6-20260720-110225,86,0.01975201,0.06361764,0.01739196,0.01738315,0,Phase3-微调,0.125000,5e-05
exp12_rate047_A_patch_cb16-4_res6-6-20260720-110225,87,0.01715836,0.06231421,0.01796662,0.01738315,0,Phase3-微调,0.150000,5e-05
exp12_rate047_A_patch_cb16-4_res6-6-20260720-110225,88,0.01724089,0.06251869,0.01729003,0.01729003,1,Phase3-微调,0.175000,5e-05
exp12_rate047_A_patch_cb16-4_res6-6-20260720-110225,89,0.01705133,0.06218489,0.01717149,0.01717149,1,Phase3-微调,0.200000,5e-05
exp12_rate047_A_patch_cb16-4_res6-6-20260720-110225,90,0.01709329,0.06239406,0.01801643,0.01717149,0,Phase3-微调,0.225000,5e-05
exp12_rate047_A_patch_cb16-4_res6-6-20260720-110225,91,0.01730771,0.06240692,0.01790502,0.01717149,0,Phase3-微调,0.250000,5e-05
exp12_rate047_A_patch_cb16-4_res6-6-20260720-110225,92,0.01698103,0.06177207,0.01716496,0.01716496,1,Phase3-微调,0.275000,5e-05
exp12_rate047_A_patch_cb16-4_res6-6-20260720-110225,93,0.01694512,0.06176364,0.01768056,0.01716496,0,Phase3-微调,0.300000,5e-05
exp12_rate047_A_patch_cb16-4_res6-6-20260720-110225,94,0.01698209,0.06137858,0.02710010,0.01716496,0,Phase3-微调,0.325000,5e-05
exp12_rate047_A_patch_cb16-4_res6-6-20260720-110225,95,0.03005076,0.09196913,0.01788413,0.01716496,0,Phase3-微调,0.350000,5e-05
exp12_rate047_A_patch_cb16-4_res6-6-20260720-110225,96,0.01688935,0.06299892,0.01692778,0.01692778,1,Phase3-微调,0.375000,5e-05
exp12_rate047_A_patch_cb16-4_res6-6-20260720-110225,97,0.01677902,0.06113455,0.01690272,0.01690272,1,Phase3-微调,0.400000,5e-05
exp12_rate047_A_patch_cb16-4_res6-6-20260720-110225,98,0.01684792,0.06151995,0.02603019,0.01690272,0,Phase3-微调,0.425000,5e-05
exp12_rate047_A_patch_cb16-4_res6-6-20260720-110225,99,0.03000391,0.06274869,0.01706204,0.01690272,0,Phase3-微调,0.450000,5e-05
exp12_rate047_A_patch_cb16-4_res6-6-20260720-110225,100,0.01664918,0.06039607,0.01701558,0.01690272,0,Phase3-微调,0.475000,2.5e-05
exp12_rate047_A_patch_cb16-4_res6-6-20260720-110225,101,0.01610670,0.06057398,0.01637032,0.01637032,1,Phase3-微调,0.500000,2.5e-05
exp12_rate047_A_patch_cb16-4_res6-6-20260720-110225,102,0.01609500,0.06098379,0.01645861,0.01637032,0,Phase3-微调,0.525000,2.5e-05
exp12_rate047_A_patch_cb16-4_res6-6-20260720-110225,103,0.01605388,0.06105196,0.01648378,0.01637032,0,Phase3-微调,0.550000,2.5e-05
exp12_rate047_A_patch_cb16-4_res6-6-20260720-110225,104,0.01608546,0.06144512,0.01661078,0.01637032,0,Phase3-微调,0.575000,2.5e-05
exp12_rate047_A_patch_cb16-4_res6-6-20260720-110225,105,0.01611755,0.06185620,0.01669165,0.01637032,0,Phase3-微调,0.600000,2.5e-05
exp12_rate047_A_patch_cb16-4_res6-6-20260720-110225,106,0.01608005,0.06176650,0.01649048,0.01637032,0,Phase3-微调,0.625000,2.5e-05
exp12_rate047_A_patch_cb16-4_res6-6-20260720-110225,107,0.01611539,0.06220758,0.01656369,0.01637032,0,Phase3-微调,0.650000,2.5e-05
exp12_rate047_A_patch_cb16-4_res6-6-20260720-110225,108,0.01606439,0.06232646,0.01665724,0.01637032,0,Phase3-微调,0.675000,2.5e-05
exp12_rate047_A_patch_cb16-4_res6-6-20260720-110225,109,0.01601643,0.06228492,0.01635010,0.01635010,1,Phase3-微调,0.700000,2.5e-05
exp12_rate047_A_patch_cb16-4_res6-6-20260720-110225,110,0.01600005,0.06227390,0.01626425,0.01626425,1,Phase3-微调,0.725000,2.5e-05
exp12_rate047_A_patch_cb16-4_res6-6-20260720-110225,111,0.01598040,0.06250068,0.01642963,0.01626425,0,Phase3-微调,0.750000,2.5e-05
exp12_rate047_A_patch_cb16-4_res6-6-20260720-110225,112,0.01593477,0.06236478,0.01641946,0.01626425,0,Phase3-微调,0.775000,2.5e-05
exp12_rate047_A_patch_cb16-4_res6-6-20260720-110225,113,0.01595307,0.06243060,0.01658803,0.01626425,0,Phase3-微调,0.800000,2.5e-05
exp12_rate047_A_patch_cb16-4_res6-6-20260720-110225,114,0.01592074,0.06267485,0.01640156,0.01626425,0,Phase3-微调,0.825000,2.5e-05
exp12_rate047_A_patch_cb16-4_res6-6-20260720-110225,115,0.01586990,0.06250021,0.01634840,0.01626425,0,Phase3-微调,0.850000,2.5e-05
exp12_rate047_A_patch_cb16-4_res6-6-20260720-110225,116,0.01587712,0.06260732,0.01618765,0.01618765,1,Phase3-微调,0.875000,2.5e-05
exp12_rate047_A_patch_cb16-4_res6-6-20260720-110225,117,0.01583152,0.06263413,0.01612372,0.01612372,1,Phase3-微调,0.900000,2.5e-05
exp12_rate047_A_patch_cb16-4_res6-6-20260720-110225,118,0.01585006,0.06282006,0.01616552,0.01612372,0,Phase3-微调,0.925000,2.5e-05
exp12_rate047_A_patch_cb16-4_res6-6-20260720-110225,119,0.01575365,0.06257886,0.01617982,0.01612372,0,Phase3-微调,0.950000,2.5e-05
exp12_rate047_A_patch_cb16-4_res6-6-20260720-110225,120,0.01581603,0.06312599,0.01620061,0.01612372,0,Phase3-微调,0.975000,2.5e-05
exp12_rate047_A_patch_cb16-4_res6-6-20260720-110225,121,0.01581387,0.06316350,0.01616213,0.01612372,0,Phase3-微调,1.000000,2.5e-05
exp12_rate047_A_patch_cb16-4_res6-6-20260720-110225,122,0.01575744,0.06290126,0.01619870,0.01612372,0,Phase3-微调,1.000000,2.5e-05
exp12_rate047_A_patch_cb16-4_res6-6-20260720-110225,123,0.01572546,0.06290039,0.01635724,0.01612372,0,Phase3-微调,1.000000,2.5e-05
exp12_rate047_A_patch_cb16-4_res6-6-20260720-110225,124,0.01571347,0.06293489,0.01651817,0.01612372,0,Phase3-微调,1.000000,2.5e-05
exp12_rate047_A_patch_cb16-4_res6-6-20260720-110225,125,0.01565817,0.06292144,0.01657366,0.01612372,0,Phase3-微调,1.000000,2.5e-05
exp12_rate047_A_patch_cb16-4_res6-6-20260720-110225,126,0.01566071,0.06285420,0.01631771,0.01612372,0,Phase3-微调,1.000000,2.5e-05
exp12_rate047_A_patch_cb16-4_res6-6-20260720-110225,127,0.01563395,0.06310249,0.01612519,0.01612372,0,Phase3-微调,1.000000,2.5e-05
exp12_rate047_A_patch_cb16-4_res6-6-20260720-110225,128,0.01560052,0.06300347,0.01632217,0.01612372,0,Phase3-微调,1.000000,2.5e-05
exp12_rate047_A_patch_cb16-4_res6-6-20260720-110225,129,0.01565194,0.06306154,0.01598571,0.01598571,1,Phase3-微调,1.000000,2.5e-05
exp12_rate047_A_patch_cb16-4_res6-6-20260720-110225,130,0.01561221,0.06327734,0.01594992,0.01594992,1,Phase3-微调,1.000000,2.5e-05
exp12_rate047_A_patch_cb16-4_res6-6-20260720-110225,131,0.01559018,0.06315429,0.01596807,0.01594992,0,Phase3-微调,1.000000,2.5e-05
exp12_rate047_A_patch_cb16-4_res6-6-20260720-110225,132,0.01553576,0.06322824,0.01601336,0.01594992,0,Phase3-微调,1.000000,2.5e-05
exp12_rate047_A_patch_cb16-4_res6-6-20260720-110225,133,0.01553968,0.06328318,0.01612807,0.01594992,0,Phase3-微调,1.000000,2.5e-05
exp12_rate047_A_patch_cb16-4_res6-6-20260720-110225,134,0.01549255,0.06301532,0.01605726,0.01594992,0,Phase3-微调,1.000000,2.5e-05
exp12_rate047_A_patch_cb16-4_res6-6-20260720-110225,135,0.01581544,0.06346734,0.01653479,0.01594992,0,Phase3-微调,1.000000,2.5e-05
exp12_rate047_A_patch_cb16-4_res6-6-20260720-110225,136,0.01549036,0.06290277,0.01594201,0.01594201,1,Phase3-微调,1.000000,2.5e-05
exp12_rate047_A_patch_cb16-4_res6-6-20260720-110225,137,0.01544253,0.06289524,0.01591533,0.01591533,1,Phase3-微调,1.000000,2.5e-05
exp12_rate047_A_patch_cb16-4_res6-6-20260720-110225,138,0.01545395,0.06328226,0.01581198,0.01581198,1,Phase3-微调,1.000000,2.5e-05
exp12_rate047_A_patch_cb16-4_res6-6-20260720-110225,139,0.01547386,0.06330238,0.01602049,0.01581198,0,Phase3-微调,1.000000,2.5e-05
exp12_rate047_A_patch_cb16-4_res6-6-20260720-110225,140,0.01544678,0.06333369,0.01595286,0.01581198,0,Phase3-微调,1.000000,2.5e-05
exp12_rate047_A_patch_cb16-4_res6-6-20260720-110225,141,0.01541955,0.06345093,0.01590584,0.01581198,0,Phase3-微调,1.000000,2.5e-05
exp12_rate047_A_patch_cb16-4_res6-6-20260720-110225,142,0.01546770,0.06367520,0.01600094,0.01581198,0,Phase3-微调,1.000000,2.5e-05
exp12_rate047_A_patch_cb16-4_res6-6-20260720-110225,143,0.01537352,0.06342807,0.01594403,0.01581198,0,Phase3-微调,1.000000,2.5e-05
exp12_rate047_A_patch_cb16-4_res6-6-20260720-110225,144,0.01587826,0.06386439,0.01586222,0.01581198,0,Phase3-微调,1.000000,2.5e-05
exp12_rate047_A_patch_cb16-4_res6-6-20260720-110225,145,0.01527624,0.06288992,0.01597403,0.01581198,0,Phase3-微调,1.000000,2.5e-05
exp12_rate047_A_patch_cb16-4_res6-6-20260720-110225,146,0.01533993,0.06335113,0.01597611,0.01581198,0,Phase3-微调,1.000000,2.5e-05
exp12_rate047_A_patch_cb16-4_res6-6-20260720-110225,147,0.01537351,0.06342024,0.01640893,0.01581198,0,Phase3-微调,1.000000,2.5e-05
exp12_rate047_A_patch_cb16-4_res6-6-20260720-110225,148,0.01534089,0.06334466,0.01588583,0.01581198,0,Phase3-微调,1.000000,2.5e-05
exp12_rate047_A_patch_cb16-4_res6-6-20260720-110225,149,0.01530616,0.06324902,0.01586730,0.01581198,0,Phase3-微调,1.000000,2.5e-05
exp12_rate047_A_patch_cb16-4_res6-6-20260720-110225,150,0.01536653,0.06364331,0.01559553,0.01559553,1,Phase3-微调,1.000000,2.5e-05
exp12_rate047_A_patch_cb16-4_res6-6-20260720-110225,151,0.01528819,0.06326986,0.01582536,0.01559553,0,Phase3-微调,1.000000,2.5e-05
exp12_rate047_A_patch_cb16-4_res6-6-20260720-110225,152,0.01533490,0.06381891,0.01586083,0.01559553,0,Phase3-微调,1.000000,2.5e-05
exp12_rate047_A_patch_cb16-4_res6-6-20260720-110225,153,0.01523426,0.06322568,0.01570366,0.01559553,0,Phase3-微调,1.000000,2.5e-05
exp12_rate047_A_patch_cb16-4_res6-6-20260720-110225,154,0.01525528,0.06344121,0.01595379,0.01559553,0,Phase3-微调,1.000000,2.5e-05
exp12_rate047_A_patch_cb16-4_res6-6-20260720-110225,155,0.01538445,0.06412124,0.01585219,0.01559553,0,Phase3-微调,1.000000,2.5e-05
exp12_rate047_A_patch_cb16-4_res6-6-20260720-110225,156,0.01522899,0.06331002,0.01609863,0.01559553,0,Phase3-微调,1.000000,2.5e-05
exp12_rate047_A_patch_cb16-4_res6-6-20260720-110225,157,0.01518058,0.06318110,0.01575237,0.01559553,0,Phase3-微调,1.000000,2.5e-05
exp12_rate047_A_patch_cb16-4_res6-6-20260720-110225,158,0.01519619,0.06329142,0.01589494,0.01559553,0,Phase3-微调,1.000000,2.5e-05
exp12_rate047_A_patch_cb16-4_res6-6-20260720-110225,159,0.01513743,0.06337741,0.01577102,0.01559553,0,Phase3-微调,1.000000,2.5e-05
exp12_rate047_A_patch_cb16-4_res6-6-20260720-110225,160,0.01517285,0.06358502,0.01574681,0.01559553,0,Phase3-微调,1.000000,2.5e-05
exp12_rate047_A_patch_cb16-4_res6-6-20260720-110225,161,0.01524982,0.06370298,0.01581240,0.01559553,0,Phase3-微调,1.000000,2.5e-05
exp12_rate047_A_patch_cb16-4_res6-6-20260720-110225,162,0.01515344,0.06371179,0.01604801,0.01559553,0,Phase3-微调,1.000000,2.5e-05
exp12_rate047_A_patch_cb16-4_res6-6-20260720-110225,163,0.01511652,0.06385270,0.01586736,0.01559553,0,Phase3-微调,1.000000,2.5e-05
exp12_rate047_A_patch_cb16-4_res6-6-20260720-110225,164,0.01503990,0.06325544,0.01575781,0.01559553,0,Phase3-微调,1.000000,2.5e-05
exp12_rate047_A_patch_cb16-4_res6-6-20260720-110225,165,0.01510352,0.06379338,0.01570354,0.01559553,0,Phase3-微调,1.000000,2.5e-05
exp12_rate047_A_patch_cb16-4_res6-6-20260720-110225,166,0.01514968,0.06376112,0.01565406,0.01559553,0,Phase3-微调,1.000000,2.5e-05
exp12_rate047_A_patch_cb16-4_res6-6-20260720-110225,167,0.01511683,0.06383731,0.01578322,0.01559553,0,Phase3-微调,1.000000,2.5e-05
exp12_rate047_A_patch_cb16-4_res6-6-20260720-110225,168,0.01500859,0.06359586,0.01592278,0.01559553,0,Phase3-微调,1.000000,2.5e-05
exp12_rate047_A_patch_cb16-4_res6-6-20260720-110225,169,0.01508172,0.06371796,0.01570058,0.01559553,0,Phase3-微调,1.000000,2.5e-05
exp12_rate047_A_patch_cb16-4_res6-6-20260720-110225,170,0.01500383,0.06341084,0.01570348,0.01559553,0,Phase3-微调,1.000000,2.5e-05
exp12_rate047_A_patch_cb16-4_res6-6-20260720-110225,171,0.01505171,0.06396564,0.01567714,0.01559553,0,Phase3-微调,1.000000,2.5e-05
exp12_rate047_A_patch_cb16-4_res6-6-20260720-110225,172,0.01499488,0.06367976,0.01548205,0.01548205,1,Phase3-微调,1.000000,2.5e-05
exp12_rate047_A_patch_cb16-4_res6-6-20260720-110225,173,0.01495333,0.06346755,0.01555741,0.01548205,0,Phase3-微调,1.000000,2.5e-05
exp12_rate047_A_patch_cb16-4_res6-6-20260720-110225,174,0.01500810,0.06387173,0.01569706,0.01548205,0,Phase3-微调,1.000000,2.5e-05
exp12_rate047_A_patch_cb16-4_res6-6-20260720-110225,175,0.01498057,0.06383521,0.01551512,0.01548205,0,Phase3-微调,1.000000,2.5e-05
exp12_rate047_A_patch_cb16-4_res6-6-20260720-110225,176,0.01500411,0.06402355,0.01563286,0.01548205,0,Phase3-微调,1.000000,2.5e-05
exp12_rate047_A_patch_cb16-4_res6-6-20260720-110225,177,0.01491266,0.06358277,0.01561406,0.01548205,0,Phase3-微调,1.000000,2.5e-05
exp12_rate047_A_patch_cb16-4_res6-6-20260720-110225,178,0.01489703,0.06367345,0.01560512,0.01548205,0,Phase3-微调,1.000000,2.5e-05
exp12_rate047_A_patch_cb16-4_res6-6-20260720-110225,179,0.01489665,0.06361251,0.01550320,0.01548205,0,Phase3-微调,1.000000,2.5e-05
exp12_rate047_A_patch_cb16-4_res6-6-20260720-110225,180,0.01493098,0.06401403,0.01555029,0.01548205,0,Phase3-微调,1.000000,2.5e-05
exp12_rate047_A_patch_cb16-4_res6-6-20260720-110225,181,0.01489223,0.06384939,0.01543281,0.01543281,1,Phase3-微调,1.000000,2.5e-05
exp12_rate047_A_patch_cb16-4_res6-6-20260720-110225,182,0.01496159,0.06414330,0.01547659,0.01543281,0,Phase3-微调,1.000000,2.5e-05
exp12_rate047_A_patch_cb16-4_res6-6-20260720-110225,183,0.01489345,0.06382171,0.01549919,0.01543281,0,Phase3-微调,1.000000,2.5e-05
exp12_rate047_A_patch_cb16-4_res6-6-20260720-110225,184,0.01490093,0.06382021,0.01546106,0.01543281,0,Phase3-微调,1.000000,2.5e-05
exp12_rate047_A_patch_cb16-4_res6-6-20260720-110225,185,0.01484862,0.06381208,0.01542344,0.01542344,1,Phase3-微调,1.000000,2.5e-05
exp12_rate047_A_patch_cb16-4_res6-6-20260720-110225,186,0.01480280,0.06368715,0.01588981,0.01542344,0,Phase3-微调,1.000000,2.5e-05
exp12_rate047_A_patch_cb16-4_res6-6-20260720-110225,187,0.01480852,0.06376994,0.01566652,0.01542344,0,Phase3-微调,1.000000,2.5e-05
exp12_rate047_A_patch_cb16-4_res6-6-20260720-110225,188,0.01480980,0.06360240,0.01599118,0.01542344,0,Phase3-微调,1.000000,2.5e-05
exp12_rate047_A_patch_cb16-4_res6-6-20260720-110225,189,0.01480904,0.06384555,0.01615931,0.01542344,0,Phase3-微调,1.000000,2.5e-05
exp12_rate047_A_patch_cb16-4_res6-6-20260720-110225,190,0.01484185,0.06390885,0.01610526,0.01542344,0,Phase3-微调,1.000000,2.5e-05
exp12_rate047_A_patch_cb16-4_res6-6-20260720-110225,191,0.01481930,0.06413010,0.01536995,0.01536995,1,Phase3-微调,1.000000,2.5e-05
exp12_rate047_A_patch_cb16-4_res6-6-20260720-110225,192,0.01483391,0.06407334,0.01553750,0.01536995,0,Phase3-微调,1.000000,2.5e-05
exp12_rate047_A_patch_cb16-4_res6-6-20260720-110225,193,0.01480488,0.06412184,0.01568709,0.01536995,0,Phase3-微调,1.000000,2.5e-05
exp12_rate047_A_patch_cb16-4_res6-6-20260720-110225,194,0.01471142,0.06366588,0.01553418,0.01536995,0,Phase3-微调,1.000000,2.5e-05
exp12_rate047_A_patch_cb16-4_res6-6-20260720-110225,195,0.01473245,0.06386155,0.01531279,0.01531279,1,Phase3-微调,1.000000,2.5e-05
exp12_rate047_A_patch_cb16-4_res6-6-20260720-110225,196,0.01470714,0.06357998,0.01556321,0.01531279,0,Phase3-微调,1.000000,2.5e-05
exp12_rate047_A_patch_cb16-4_res6-6-20260720-110225,197,0.01468213,0.06388055,0.01545340,0.01531279,0,Phase3-微调,1.000000,2.5e-05
exp12_rate047_A_patch_cb16-4_res6-6-20260720-110225,198,0.01471716,0.06370216,0.01566923,0.01531279,0,Phase3-微调,1.000000,2.5e-05
exp12_rate047_A_patch_cb16-4_res6-6-20260720-110225,199,0.01474895,0.06419117,0.01549112,0.01531279,0,Phase3-微调,1.000000,2.5e-05
exp12_rate047_A_patch_cb16-4_res6-6-20260720-110225,200,0.01469997,0.06394429,0.01595015,0.01531279,0,Phase3-微调,1.000000,1.25e-05
