SNR,Bit_Budget,K1,K2,K3,K4,Actual_Bits,Best_Reward
-10.0,1786983,32,32,32,32,652800,0.244788
-9.9,1192545,32,32,32,32,652800,0.248662
-9.8,1521427,32,128,128,256,718848,0.23746
-9.7,1617657,32,64,2048,64,715776,0.253878
-9.6,1297422,32,64,1024,128,711168,0.25614
-9.5,767388,32,64,2048,256,718848,0.254668
-9.4,1687821,32,128,512,256,731136,0.242273
-9.3,1456595,32,128,128,4096,724992,0.242747
-9.2,705163,32,64,32,1024,685056,0.261431
-9.1,1489041,32,32,32,32,652800,0.258052
-9.0,960943,32,64,128,4096,700416,0.263812
-8.9,1501248,32,256,256,128,748032,0.243471
-8.8,875536,32,64,4096,2048,729600,0.267896
-8.7,1577476,32,128,4096,128,748032,0.250436
-8.6,1575453,32,32,32,32,652800,0.265437
-8.5,751682,32,64,1024,1024,715776,0.27464
-8.4,723380,32,64,4096,32,720384,0.276997
-8.3,1136332,32,128,2048,2048,748032,0.26033
-8.2,749834,32,64,512,512,708096,0.280736
-8.1,902590,32,64,512,64,703488,0.285142
-8.0,812905,32,64,256,256,700416,0.280608
-7.9,1352075,32,64,4096,2048,729600,0.285161
-7.8,1092364,32,32,32,32,652800,0.281338
-7.7,1160062,32,64,4096,32,720384,0.288348
-7.6,1489417,32,32,2048,32,689664,0.283682
-7.5,1355147,32,64,256,128,698880,0.292717
-7.4,945311,32,64,64,64,685056,0.294099
-7.3,768310,32,64,256,512,701952,0.296128
-7.2,1352794,32,32,32,32,652800,0.295069
-7.1,1501125,32,32,32,32,652800,0.296963
-7.0,914097,32,64,2048,64,715776,0.304239
-6.9,951410,32,64,2048,256,718848,0.305731
-6.8,1433278,32,32,128,512,671232,0.303075
-6.7,782389,32,64,1024,512,714240,0.309121
-6.6,1357714,32,32,32,32,652800,0.314413
-6.5,1298279,32,32,4096,2048,705024,0.310735
-6.4,1699109,32,32,32,32,652800,0.312718
-6.3,1778154,32,256,64,256,737280,0.300741
-6.2,1753479,32,64,512,4096,712704,0.32417
-6.1,1397936,32,32,32,32,652800,0.319431
-6.0,855092,32,32,32,32,652800,0.325571
-5.9,1549716,32,64,4096,64,721920,0.332651
-5.8,1746695,32,32,32,32,652800,0.328673
-5.7,1628405,32,64,512,256,706560,0.339779
-5.6,1752065,32,32,32,32,652800,0.336687
-5.5,1131357,32,64,32,128,680448,0.341952
-5.4,1526992,32,32,32,32,652800,0.341676
-5.3,716925,32,64,512,4096,712704,0.35027
-5.2,750126,32,64,4096,4096,731136,0.35387
-5.1,1742600,128,64,256,2048,901632,0.295096
-5.0,1328370,32,32,32,32,652800,0.35551
-4.9,1773805,32,32,32,32,652800,0.359903
-4.8,1646677,32,64,64,1024,691200,0.365904
-4.7,1273076,32,256,256,32,744960,0.350168
-4.6,1373965,32,64,64,1024,691200,0.38069
-4.5,1049282,32,64,1024,256,712704,0.381649
-4.4,755478,32,64,64,4096,694272,0.381088
-4.3,1433176,32,32,128,64,666624,0.38506
-4.2,747515,32,64,1024,512,714240,0.393512
-4.1,1613704,32,32,32,32,652800,0.392414
-4.0,1585461,32,64,2048,128,717312,0.398916
-3.9,1288062,32,64,64,1024,691200,0.404047
-3.8,989644,32,64,4096,256,724992,0.406646
-3.7,1356304,32,256,4096,32,769536,0.392508
-3.6,713820,32,64,512,256,706560,0.417141
-3.5,1456596,32,128,1024,32,732672,0.40074
-3.4,1037437,32,32,128,2048,674304,0.427569
-3.3,901865,32,64,1024,4096,718848,0.431022
-3.2,1365775,32,128,256,4096,731136,0.415126
-3.1,1352791,32,32,32,32,652800,0.438606
-3.0,1414079,32,256,4096,1024,777216,0.423396
-2.9,1750325,32,256,512,2048,760320,0.429358
-2.8,896489,32,64,512,1024,709632,0.455435
-2.7,756177,32,64,1024,1024,715776,0.459616
-2.6,730829,32,64,256,4096,706560,0.465372
-2.5,1545637,32,32,64,2048,668160,0.470516
-2.4,1670817,32,32,64,32,658944,0.474377
-2.3,1096113,32,256,512,256,755712,0.462114
-2.2,1025439,32,32,256,2048,680448,0.486939
-2.1,1401683,32,64,1024,256,712704,0.486994
-2.0,1151292,32,32,32,32,652800,0.503142
-1.9,1307980,32,32,32,32,652800,0.507663
-1.8,1418928,32,32,2048,1024,697344,0.512699
-1.7,973060,32,32,128,64,666624,0.520878
-1.6,702705,32,32,2048,512,695808,0.523645
-1.5,1178337,32,32,32,32,652800,0.531114
-1.4,1742906,32,32,1024,64,685056,0.537282
-1.3,1645643,32,32,512,512,683520,0.541578
-1.2,1760304,32,32,32,32,652800,0.551381
-1.1,794596,32,32,32,256,657408,0.55763
-1.0,775781,32,32,512,256,681984,0.568927
-0.9,1597622,32,32,4096,512,701952,0.570129
-0.8,988241,32,64,4096,1024,728064,0.574186
-0.7,1672745,32,32,32,32,652800,0.58481
-0.6,1726596,32,32,32,256,657408,0.593106
-0.5,1328142,32,32,32,32,652800,0.603065
-0.4,1038815,32,32,32,32,652800,0.607503
-0.3,1505445,64,32,4096,1024,801792,0.571755
-0.2,1483370,32,32,2048,64,691200,0.62212
-0.1,1405184,32,32,32,32,652800,0.627703
0.0,1750445,32,32,32,32,652800,0.635528
0.1,1087789,32,64,512,512,708096,0.635909
0.2,1053655,32,32,32,32,652800,0.65302
0.3,870077,32,32,1024,64,685056,0.658603
0.4,784218,32,32,1024,4096,694272,0.666052
0.5,1557122,32,32,32,32,652800,0.673201
0.6,1503931,32,32,32,32,652800,0.68091
0.7,1543306,32,32,4096,128,698880,0.690064
0.8,757267,32,32,2048,1024,697344,0.699052
0.9,1485267,32,32,2048,4096,700416,0.702074
1.0,821218,32,32,32,32,652800,0.713111
1.1,1248422,32,32,32,32,652800,0.720774
1.2,857499,32,32,4096,128,698880,0.727852
1.3,1464120,32,32,32,32,652800,0.734753
1.4,1542721,32,32,32,32,652800,0.741625
1.5,1543846,32,64,512,128,705024,0.742608
1.6,1304094,32,512,64,4096,768000,0.718965
1.7,1345191,32,256,256,4096,755712,0.746581
1.8,1566619,32,32,512,256,681984,0.771003
1.9,1569420,32,64,512,1024,709632,0.770478
2.0,920124,32,128,1024,64,734208,0.770338
2.1,1070629,128,32,256,128,870912,0.760474
2.2,1510984,32,64,64,128,686592,0.794426
2.3,814943,32,32,64,1024,666624,0.810181
2.4,763704,32,32,4096,4096,706560,0.815626
2.5,1747883,32,64,256,4096,706560,0.81326
2.6,753001,32,32,1024,32,683520,0.827791
2.7,1296297,32,32,32,32,652800,0.834338
2.8,772320,32,32,64,1024,666624,0.840509
2.9,1689155,32,32,32,32,652800,0.846164
3.0,1491606,32,32,256,128,674304,0.853772
3.1,816734,32,32,4096,128,698880,0.859373
3.2,1334636,32,32,32,32,652800,0.86582
3.3,1126457,32,32,32,32,652800,0.870615
3.4,1355960,32,32,128,4096,675840,0.877537
3.5,1433034,32,32,32,32,652800,0.883174
3.6,786606,32,32,4096,1024,703488,0.886834
3.7,1757191,32,32,32,32,652800,0.893363
3.8,1744506,32,32,32,32,652800,0.898812
3.9,1267006,32,32,32,32,652800,0.902365
4.0,1511296,32,64,256,128,698880,0.905721
4.1,1264646,32,32,32,32,652800,0.911723
4.2,738095,32,32,32,32,652800,0.916528
4.3,1665913,64,32,256,1024,777216,0.917099
4.4,1092474,32,32,256,128,674304,0.925573
4.5,1696035,64,32,1024,2048,791040,0.925914
4.6,1507856,64,32,256,128,772608,0.929962
4.7,1686076,32,32,32,32,652800,0.936604
4.8,1368939,32,32,512,128,680448,0.93924
4.9,1407404,32,32,32,32,652800,0.942562
5.0,1603179,32,32,32,32,652800,0.945361
5.1,1789763,32,32,32,32,652800,0.948278
5.2,1222116,64,32,64,1024,764928,0.952226
5.3,1550203,64,32,2048,256,792576,0.954505
5.4,750047,32,32,32,4096,663552,0.95696
5.5,1570106,128,256,256,32,941568,0.959967
5.6,757208,64,32,32,128,754176,0.962421
5.7,1619234,256,32,32,2048,956928,0.965593
5.8,906391,128,64,32,32,873984,0.969397
5.9,1382813,128,32,64,512,861696,0.97236
6.0,1639062,256,64,32,128,975360,0.973171
6.1,1467267,128,32,1024,4096,890880,0.975148
6.2,950864,128,32,64,64,857088,0.976738
6.3,1070156,256,64,2048,2048,1018368,0.978201
6.4,789199,64,32,256,128,772608,0.977911
6.5,1402914,128,64,128,2048,895488,0.981385
6.6,1568063,256,64,1024,32,1003008,0.983298
6.7,1079471,256,128,256,128,1018368,0.984223
6.8,918373,128,64,1024,4096,915456,0.984665
6.9,1358716,256,128,2048,256,1038336,0.986463
7.0,1021909,256,64,64,2048,987648,0.987095
7.1,1780582,1024,256,64,2048,1233408,0.988375
7.2,1738524,2048,256,1024,4096,1357824,0.989155
7.3,1003955,256,64,32,128,975360,0.989601
7.4,1421399,512,256,32,2048,1128960,0.990726
7.5,841222,64,128,32,256,804864,0.987173
7.6,1334647,2048,64,1024,4096,1308672,0.992062
7.7,1696099,2048,256,128,1024,1336320,0.992879
7.8,924816,128,128,64,2048,913920,0.991082
7.9,1293808,1024,512,1024,64,1274880,0.993597
8.0,900884,128,64,512,64,900096,0.991496
8.1,854790,64,256,128,32,837120,0.989163
8.2,1439469,2048,1024,4096,32,1408512,0.994799
8.3,849553,64,256,256,512,849408,0.989481
8.4,1065394,256,128,4096,128,1042944,0.99362
8.5,1666245,4096,4096,1024,128,1546752,0.995653
8.6,736856,32,256,64,32,732672,0.983063
8.7,1727571,2048,512,1024,2048,1380864,0.995578
8.8,1279790,1024,512,512,2048,1276416,0.995391
8.9,1334115,1024,128,32,2048,1202688,0.995158
9.0,1430017,2048,1024,32,2048,1374720,0.995981
9.1,1269451,1024,128,4096,4096,1247232,0.995305
9.2,1370489,2048,512,256,4096,1370112,0.995998
9.3,1146267,512,128,4096,512,1144320,0.994919
9.4,1067983,256,256,256,1024,1047552,0.994523
9.5,1196673,512,512,2048,256,1185792,0.995252
9.6,1019471,256,64,512,128,999936,0.99392
9.7,1630738,2048,4096,4096,1024,1465344,0.996266
9.8,780466,64,64,32,128,778752,0.989534
9.9,1699989,2048,4096,64,512,1426944,0.996273
10.0,1503704,1024,2048,128,64,1305600,0.995923
10.1,998408,128,1024,32,32,972288,0.99337
10.2,1385986,2048,1024,32,64,1367040,0.996212
10.3,1272460,512,4096,1024,128,1251840,0.995431
10.4,778065,64,32,128,128,766464,0.988698
10.5,851810,64,256,128,2048,846336,0.990188
10.6,1665684,4096,2048,256,64,1508352,0.996487
10.7,1713286,4096,4096,128,1024,1532928,0.996508
10.8,1109150,256,256,2048,2048,1067520,0.994543
10.9,1434035,4096,128,32,2048,1399296,0.996027
11.0,1082336,256,256,4096,128,1067520,0.994543
11.1,1749592,4096,1024,64,128,1473024,0.996443
11.2,1748935,4096,2048,1024,128,1522176,0.996487
11.3,1025953,256,128,32,32,996864,0.994351
11.4,1234826,1024,128,128,2048,1214976,0.995463
11.5,954583,128,128,128,128,913920,0.992932
11.6,934358,128,64,256,512,898560,0.992547
11.7,977393,128,1024,32,128,975360,0.993369
11.8,727965,32,128,256,32,720384,0.983174
11.9,1436010,2048,256,1024,512,1353216,0.996015
12.0,1700622,4096,1024,256,1024,1489920,0.996442
12.1,1423365,4096,128,256,1024,1416192,0.996027
12.2,1538159,4096,4096,64,32,1519104,0.996508
12.3,1749111,4096,4096,32,512,1519104,0.996508
12.4,1484205,4096,512,2048,256,1480704,0.996362
12.5,1186798,512,1024,32,64,1170432,0.995365
12.6,1383761,2048,256,2048,256,1357824,0.996014
12.7,886632,64,512,1024,128,883200,0.990307
12.8,1754647,4096,512,128,128,1454592,0.996362
12.9,1386480,2048,256,4096,4096,1370112,0.996015
13.0,1522009,4096,256,64,512,1426944,0.996246
13.1,1352621,2048,512,64,64,1348608,0.996139
13.2,816715,64,64,1024,256,811008,0.989535
13.3,1041499,256,128,256,64,1016832,0.994351
13.4,814226,64,128,32,2048,809472,0.98993
13.5,1435504,2048,256,2048,4096,1363968,0.996014
13.6,1741340,4096,4096,128,512,1531392,0.996508
13.7,1378695,2048,256,256,32,1334784,0.996014
13.8,752592,32,256,256,64,746496,0.983373
13.9,1555813,4096,1024,64,4096,1480704,0.996442
14.0,1760230,4096,4096,512,1024,1545216,0.996508
14.1,1696514,4096,4096,4096,256,1560576,0.996508
14.2,940411,128,256,64,2048,938496,0.993163
14.3,765527,64,32,128,64,764928,0.988696
14.4,1585334,2048,1024,32,32,1365504,0.996212
14.5,1180834,256,1024,128,32,1082880,0.99475
14.6,1500197,4096,512,256,4096,1468416,0.996362
14.7,1318618,1024,512,128,4096,1265664,0.9958
14.8,930868,128,64,1024,256,909312,0.992547
14.9,771142,64,32,256,32,769536,0.988697
15.0,1503351,2048,512,32,512,1347072,0.996139
15.1,1366750,1024,2048,2048,128,1331712,0.995923
15.2,1777566,4096,4096,2048,1024,1557504,0.996508
15.3,1696156,4096,2048,64,512,1500672,0.996487
15.4,1103107,256,1024,128,128,1085952,0.99475
15.5,1100553,256,512,512,512,1076736,0.99468
15.6,1222416,512,512,64,1024,1158144,0.995284
15.7,1528200,4096,1024,512,32,1488384,0.996443
15.8,1647110,4096,4096,512,512,1543680,0.996508
15.9,791101,64,32,32,1024,758784,0.988697
16.0,1543125,4096,4096,128,1024,1532928,0.996508
16.1,1762530,2048,2048,64,32,1396224,0.996259
16.2,868519,128,32,32,128,852480,0.991676
16.3,1462125,4096,512,128,512,1457664,0.996362
16.4,1279914,1024,256,2048,128,1257984,0.995681
16.5,1080290,256,1024,64,64,1078272,0.99475
16.6,807167,64,64,256,512,800256,0.989535
16.7,996604,128,256,64,1024,936960,0.993162
16.8,796739,64,64,64,32,781824,0.989535
16.9,1286784,1024,512,512,128,1270272,0.9958
17.0,1224859,512,1024,2048,64,1207296,0.995365
17.1,816081,64,128,32,32,800256,0.98993
17.2,1557473,4096,4096,32,32,1512960,0.996508
17.3,1193562,512,512,64,4096,1161216,0.995284
17.4,1223079,512,2048,512,32,1218048,0.995408
17.5,961571,128,512,32,1024,955392,0.993297
17.6,1053581,256,128,1024,32,1027584,0.994351
17.7,1226880,512,2048,256,256,1216512,0.995408
17.8,770561,32,512,64,2048,766464,0.983532
17.9,863984,128,32,32,512,855552,0.991676
18.0,1163942,512,512,64,256,1155072,0.995284
18.1,1624399,2048,4096,1024,64,1446912,0.996274
18.2,1438243,1024,4096,1024,32,1347072,0.995944
18.3,817852,64,64,64,256,786432,0.989535
18.4,1591388,4096,4096,2048,4096,1560576,0.996508
18.5,723047,32,128,32,32,701952,0.983173
18.6,726961,32,128,32,64,703488,0.983173
18.7,1096470,256,512,64,2048,1061376,0.99468
18.8,1121701,256,2048,64,256,1105920,0.994807
18.9,1282702,1024,1024,32,128,1270272,0.995879
19.0,822692,64,64,1024,32,806400,0.989536
19.1,978478,128,128,128,128,913920,0.992932
19.2,1129683,256,2048,128,32,1107456,0.994808
19.3,975011,128,512,32,2048,956928,0.993297
19.4,1383099,2048,512,128,1024,1360896,0.996139
19.5,879874,64,512,32,1024,857088,0.990307
19.6,1516823,4096,256,1024,32,1445376,0.996246
19.7,1598547,4096,4096,2048,128,1552896,0.996508
19.8,818328,64,128,64,4096,817152,0.989929
19.9,1502535,2048,4096,4096,1024,1465344,0.996274
